-- phpMyAdmin SQL Dump
-- version 4.7.4
-- https://www.phpmyadmin.net/
--
-- Máy chủ: 127.0.0.1
-- Thời gian đã tạo: Th10 12, 2018 lúc 11:41 AM
-- Phiên bản máy phục vụ: 10.1.30-MariaDB
-- Phiên bản PHP: 7.2.1

SET SQL_MODE = "NO_AUTO_VALUE_ON_ZERO";
SET AUTOCOMMIT = 0;
START TRANSACTION;
SET time_zone = "+00:00";


/*!40101 SET @OLD_CHARACTER_SET_CLIENT=@@CHARACTER_SET_CLIENT */;
/*!40101 SET @OLD_CHARACTER_SET_RESULTS=@@CHARACTER_SET_RESULTS */;
/*!40101 SET @OLD_COLLATION_CONNECTION=@@COLLATION_CONNECTION */;
/*!40101 SET NAMES utf8mb4 */;

--
-- Cơ sở dữ liệu: `test1`
--

-- --------------------------------------------------------

--
-- Cấu trúc bảng cho bảng `categories`
--

CREATE TABLE `categories` (
  `id` int(10) UNSIGNED NOT NULL,
  `name` varchar(191) COLLATE utf8mb4_unicode_ci NOT NULL,
  `slug` tinytext COLLATE utf8mb4_unicode_ci,
  `parent_id` int(11) NOT NULL DEFAULT '0',
  `type` varchar(191) COLLATE utf8mb4_unicode_ci DEFAULT NULL,
  `description` text COLLATE utf8mb4_unicode_ci,
  `content` text COLLATE utf8mb4_unicode_ci,
  `stt` int(11) DEFAULT NULL,
  `status` tinyint(4) NOT NULL,
  `is_deleted` int(11) NOT NULL DEFAULT '0',
  `created_at` datetime DEFAULT NULL,
  `updated_at` datetime DEFAULT NULL
) ENGINE=InnoDB DEFAULT CHARSET=utf8mb4 COLLATE=utf8mb4_unicode_ci;

--
-- Đang đổ dữ liệu cho bảng `categories`
--

INSERT INTO `categories` (`id`, `name`, `slug`, `parent_id`, `type`, `description`, `content`, `stt`, `status`, `is_deleted`, `created_at`, `updated_at`) VALUES
(1, 'mpsoftware', 'mpsoftware', 0, 'news', NULL, NULL, NULL, 1, 0, NULL, NULL),
(2, 'team Developer', 'team-Developer', 1, 'news', NULL, NULL, NULL, 1, 0, NULL, NULL),
(3, 'team java', 'team-java', 2, 'news', NULL, NULL, NULL, 1, 0, NULL, NULL),
(4, 'team HR', 'team-HR', 1, 'news', NULL, NULL, NULL, 1, 0, NULL, NULL),
(5, 'team PHP', 'team-PHP', 2, 'news', NULL, NULL, NULL, 1, 0, NULL, NULL),
(6, 'team marketing', 'team-marketing', 4, 'news', NULL, NULL, NULL, 1, 0, NULL, NULL),
(7, 'team truyen thong', 'team-truyen-thong', 4, 'news', NULL, NULL, NULL, 1, 0, NULL, NULL),
(8, 'coder Java', 'coder-Java', 3, 'news', NULL, NULL, NULL, 1, 0, NULL, NULL),
(9, 'team IT', 'team-IT', 4, 'news', NULL, NULL, NULL, 1, 0, NULL, NULL),
(10, 'tester Java', 'tester-Java', 3, 'news', NULL, NULL, NULL, 1, 0, NULL, NULL),
(11, 'team C#', 'team-C', 2, 'news', NULL, NULL, NULL, 1, 0, NULL, NULL),
(12, 'coder PHP', 'coder-PHP', 5, 'news', NULL, NULL, NULL, 1, 0, NULL, NULL),
(13, 'team Front-end', 'team-Front-end', 2, 'news', NULL, NULL, NULL, 1, 0, NULL, NULL),
(20, 'tester PHP', 'tester-PHP', 5, 'news', NULL, NULL, NULL, 1, 0, NULL, NULL),
(22, 'mpsoftware telecom', 'mpsoftware-telecom', 0, 'news', NULL, NULL, NULL, 1, 0, NULL, NULL);

-- --------------------------------------------------------

--
-- Cấu trúc bảng cho bảng `categories_object_news`
--

CREATE TABLE `categories_object_news` (
  `id` int(10) UNSIGNED NOT NULL,
  `category_id` int(11) NOT NULL,
  `category_name` varchar(191) NOT NULL,
  `category_slug` tinytext,
  `news_id` int(11) NOT NULL,
  `news_title` varchar(191) NOT NULL,
  `news_slug` tinytext
) ENGINE=InnoDB DEFAULT CHARSET=utf8;

--
-- Đang đổ dữ liệu cho bảng `categories_object_news`
--

INSERT INTO `categories_object_news` (`id`, `category_id`, `category_name`, `category_slug`, `news_id`, `news_title`, `news_slug`) VALUES
(386, 5, 'team PHP', 'team-PHP', 83, 'Vi sao gia cong phan mem CNTT la su lua chon hoan hao', 'Vi-sao-gia-cong-phan-mem-CNTT-la-su-lua-chon-hoan-hao'),
(389, 10, 'tester Java', 'tester-Java', 6, 'プログラマーにとって良い環境は何ですか？', 'プログラマーにとって良い環境は何ですか？'),
(390, 20, 'tester PHP', 'tester-PHP', 7, '日本市場に精通したIT', '日本市場に精通したIT'),
(391, 9, 'team IT', 'team-IT', 9, 'なぜITをアウトソーシングするのが最適な選択ですか', 'なぜITをアウトソーシングするのが最適な選択ですか'),
(392, 12, 'coder PHP', 'coder-PHP', 9, 'なぜITをアウトソーシングするのが最適な選択ですか', 'なぜITをアウトソーシングするのが最適な選択ですか'),
(393, 10, 'tester Java', 'tester-Java', 35, 'プログラマーにチームで働くように指示する', 'プログラマーにチームで働くように指示する'),
(394, 8, 'coder Java', 'coder-Java', 79, 'Lam the nao đe tang nang suat lap trinh vien', 'Lam-the-nao-đe-tang-nang-suat-lap-trinh-vien'),
(395, 12, 'coder PHP', 'coder-PHP', 79, 'Lam the nao đe tang nang suat lap trinh vien', 'Lam-the-nao-đe-tang-nang-suat-lap-trinh-vien'),
(396, 3, 'team java', 'team-java', 81, 'Đau la moi truong thuc su tot đe Lap trinh vien phat trien', 'Đau-la-moi-truong-thuc-su-tot-đe-Lap-trinh-vien-phat-trien'),
(397, 4, 'team HR', 'team-HR', 81, 'Đau la moi truong thuc su tot đe Lap trinh vien phat trien', 'Đau-la-moi-truong-thuc-su-tot-đe-Lap-trinh-vien-phat-trien'),
(401, 3, 'team java', 'team-java', 82, 'Con “khat” nhan su nganh IT trong thi truong Nhat', 'Con-“khat”-nhan-su-nganh-IT-trong-thi-truong-Nhat'),
(402, 5, 'team PHP', 'team-PHP', 82, 'Con “khat” nhan su nganh IT trong thi truong Nhat', 'Con-“khat”-nhan-su-nganh-IT-trong-thi-truong-Nhat'),
(403, 11, 'team C#', 'team-C', 82, 'Con “khat” nhan su nganh IT trong thi truong Nhat', 'Con-“khat”-nhan-su-nganh-IT-trong-thi-truong-Nhat'),
(404, 11, 'team C#', 'team-C', 80, 'Hoc tieng^ Nh%^&-at IT nhu the nao la hieu qua', 'Hoc-tieng-Nh-at-IT-nhu-the-nao-la-hieu-qua'),
(405, 13, 'team Front-end', 'team-Front-end', 80, 'Hoc tieng^ Nh%^&-at IT nhu the nao la hieu qua', 'Hoc-tieng-Nh-at-IT-nhu-the-nao-la-hieu-qua'),
(407, 20, 'tester PHP', 'tester-PHP', 5, '日本語を学ぶITそれはいかに効果的ですか', '日本語を学ぶITそれはいかに効果的ですか'),
(408, 4, 'team HR', 'team-HR', 5, '日本語を学ぶITそれはいかに効果的ですか', '日本語を学ぶITそれはいかに効果的ですか'),
(412, 10, 'tester Java', 'tester-Java', 84, 'Huong dan lam viec nhom hieu qua?', 'Huong-dan-lam-viec-nhom-hieu-qua'),
(413, 5, 'team PHP', 'team-PHP', 84, 'Huong dan lam viec nhom hieu qua?', 'Huong-dan-lam-viec-nhom-hieu-qua');

-- --------------------------------------------------------

--
-- Cấu trúc bảng cho bảng `contacts`
--

CREATE TABLE `contacts` (
  `id` int(10) UNSIGNED NOT NULL,
  `name` varchar(191) COLLATE utf8mb4_unicode_ci NOT NULL,
  `email` varchar(191) COLLATE utf8mb4_unicode_ci NOT NULL,
  `subject` varchar(191) COLLATE utf8mb4_unicode_ci NOT NULL,
  `message` varchar(191) COLLATE utf8mb4_unicode_ci NOT NULL
) ENGINE=InnoDB DEFAULT CHARSET=utf8mb4 COLLATE=utf8mb4_unicode_ci;

--
-- Đang đổ dữ liệu cho bảng `contacts`
--

INSERT INTO `contacts` (`id`, `name`, `email`, `subject`, `message`) VALUES
(2, 'lxquan', 'lxquanit@gmail.com', 'mpsw', 'unknow');

-- --------------------------------------------------------

--
-- Cấu trúc bảng cho bảng `migrations`
--

CREATE TABLE `migrations` (
  `id` int(10) UNSIGNED NOT NULL,
  `migration` varchar(191) COLLATE utf8mb4_unicode_ci NOT NULL,
  `batch` int(11) NOT NULL
) ENGINE=InnoDB DEFAULT CHARSET=utf8mb4 COLLATE=utf8mb4_unicode_ci;

--
-- Đang đổ dữ liệu cho bảng `migrations`
--

INSERT INTO `migrations` (`id`, `migration`, `batch`) VALUES
(4, '2014_10_12_000000_create_users_table', 1),
(5, '2014_10_12_100000_create_password_resets_table', 1),
(6, '2018_09_19_020506_news', 1),
(12, '2018_09_01_153459_from', 2),
(13, '2018_10_10_040326_news_tag', 3);

-- --------------------------------------------------------

--
-- Cấu trúc bảng cho bảng `news`
--

CREATE TABLE `news` (
  `id` int(10) UNSIGNED NOT NULL,
  `title` varchar(191) COLLATE utf8mb4_unicode_ci NOT NULL,
  `slug` tinytext COLLATE utf8mb4_unicode_ci,
  `image` varchar(191) COLLATE utf8mb4_unicode_ci DEFAULT NULL,
  `description` text COLLATE utf8mb4_unicode_ci,
  `content` text COLLATE utf8mb4_unicode_ci NOT NULL,
  `views_count` int(11) NOT NULL DEFAULT '0',
  `status` tinyint(1) NOT NULL DEFAULT '0',
  `is_deleted` int(1) NOT NULL DEFAULT '0',
  `created_at` datetime DEFAULT NULL,
  `updated_at` datetime DEFAULT NULL
) ENGINE=InnoDB DEFAULT CHARSET=utf8mb4 COLLATE=utf8mb4_unicode_ci;

--
-- Đang đổ dữ liệu cho bảng `news`
--

INSERT INTO `news` (`id`, `title`, `slug`, `image`, `description`, `content`, `views_count`, `status`, `is_deleted`, `created_at`, `updated_at`) VALUES
(5, '日本語を学ぶITそれはいかに効果的ですか', '日本語を学ぶITそれはいかに効果的ですか', '2.png', '<p>Ngo&agrave;i kỹ năng chuy&ecirc;n m&ocirc;n lập tr&igrave;nh tốt, khả năng giao tiếp l&agrave; yếu tố quan trọng đưa sự nghiệp của bạn đi xa hơn. Nhất l&agrave; giao tiếp tiếng Nhật, bạn sẽ tự tin g&acirc;y ấn tượng với những lần gặp gỡ đối t&aacute;c hay thậm ch&iacute; bạn đang l&agrave;m việc trong c&aacute;c c&ocirc;ng ty Nhật. Tốt tiếng Nhật gi&uacute;p việc tận dụng c&aacute;c cơ hội tiềm năng sẽ dễ d&agrave;ng, x&acirc;y dựng một sự nghiệp vững chắc hơn.</p>', '<p>Ngo&agrave;i sự c&ocirc;ng nh&acirc;n năng lực N3, N2 th&igrave; việc &aacute;p dụng v&agrave;o trong c&ocirc;ng việc của một lập tr&igrave;nh vi&ecirc;n l&agrave; ho&agrave;n to&agrave;n kh&oacute; khăn. Bởi từ vựng IT phổ biến m&agrave; bạn kh&ocirc;ng thể gặp trong đ&oacute; chiếm đến 40%.</p>\n\n<p>V&igrave; thế c&aacute;ch học tiếng Nhật IT hiệu quả cần sự nỗ lực hết sức v&agrave; phương ph&aacute;p hữu &iacute;ch. Ph&acirc;n t&iacute;ch mẫu c&acirc;u v&agrave; ngữ ph&aacute;p IT để sử dụng trong c&ocirc;ng việc l&agrave; một gợi &yacute;. Bạn kh&ocirc;ng cần phải n&oacute;i hay tiếng Nhật, kh&ocirc;ng cần hiểu s&acirc;u sắc về văn h&oacute;a Nhật. Bởi tiếng Nhật đối với một kỹ sư IT chỉ l&agrave; c&ocirc;ng cụ để nắm bắt những cơ hội tiềm năng.</p>\n\n<p>Lập tr&igrave;nh vi&ecirc;n n&ecirc;n tập trung v&agrave; những t&igrave;nh huống thực tế về sử dụng tiếng Nhật trong c&aacute;c dự &aacute;n cụ thể. Như việc b&aacute;o c&aacute;o tiến độ dự &aacute;n, Những giải ph&aacute;p khả thi, tr&igrave;nh b&agrave;y giải th&iacute;ch v&agrave; xin lỗi về bug với kh&aacute;ch h&agrave;ng, đề xuất giải ph&aacute;p. Theo đ&oacute; những từ vựng phổ biến trong ng&agrave;nh IT được tiếp thu hiệu quả c&ugrave;ng với n&acirc;ng cao kỹ năng li&ecirc;n quan.&nbsp;</p>', 13, 1, 0, '2018-10-25 11:19:52', '2018-11-08 03:12:31'),
(6, 'プログラマーにとって良い環境は何ですか？', 'プログラマーにとって良い環境は何ですか？', '4.png', '<p>Với những lập tr&igrave;nh vi&ecirc;n mới ra trường hay chưa qu&aacute; một năm kinh nghiệm th&igrave; một m&ocirc;i trường c&oacute; người hướng dẫn, cấp tr&ecirc;n tốt trong giai đoạn n&agrave;y v&ocirc; c&ugrave;ng cần thiết v&agrave; quan trọng đối với sự ph&aacute;t triển bản th&acirc;n. Dưới đ&acirc;y l&agrave; 4 đặc trưng của một m&ocirc;i trường l&agrave;m việc tốt v&agrave; cũng l&agrave; những điều m&agrave; trong những năm đầu ti&ecirc;n đi l&agrave;m ai cũng mong muốn</p>', '<p><strong>1. Sếp c&oacute; t&acirc;m hướng dẫn kh&ocirc;ng kh&oacute; chịu</strong></p>\n\n<p>&nbsp;</p>\n\n<p>Một mentor c&oacute; t&acirc;m sẽ biết c&aacute;ch hướng dẫn nh&acirc;n vi&ecirc;n của m&igrave;nh theo một c&aacute;ch tiếp cận kh&aacute;c để họ kh&ocirc;ng cảm thấy kh&oacute; chịu. V&iacute; dụ như với một c&acirc;u hỏi cần search Google, người hướng dẫn kh&ocirc;ng tốt sẽ l&agrave; em đ&atilde; search Google chưa. Tuy nhi&ecirc;n, cũng với c&acirc;u hỏi đ&oacute;, nhưng với một người hướng dẫn tốt hơn bạn sẽ nhận được c&acirc;u trả lời vui th&iacute;ch hơn: Với c&acirc;u hỏi n&agrave;y, nếu search Google th&igrave; e c&oacute; thể c&oacute; c&acirc;u trả lời, c&ugrave;ng search thử xem nh&eacute;.&nbsp;</p>\n\n<p>Với những c&aacute;ch giải quyết thắc mắc thế n&agrave;y sẽ kh&ocirc;ng l&agrave;m nh&acirc;n vi&ecirc;n kh&oacute; chịu lần sau ngại hỏi, hay kh&ocirc;ng muốn hỏi. Việc c&ugrave;ng nhau giải quyết vấn đề, c&ugrave;ng nhau thực hiện t&igrave;m giải ph&aacute;p để nh&acirc;n vi&ecirc;n mới biết c&aacute;ch học hỏi, biết c&aacute;ch để giải quyết kh&oacute; khăn như thế n&agrave;o. Đ&acirc;y mới l&agrave; điều quan trọng.</p>', 1, 1, 0, '2018-10-25 11:19:58', '2018-10-25 11:19:58'),
(7, '日本市場に精通したIT', '日本市場に精通したIT', '5.png', '<p>Tỷ lệ cung cầu nh&acirc;n sự ng&agrave;nh IT tại thị trường nhật hiện nay l&agrave; 1 người t&igrave;m việc, 6 việc t&igrave;m người. Theo một nghi&ecirc;n cứu từ bộ Kinh tế Nhật Bản đến năm 2020 con số thiếu hụt sẽ l&agrave; 20 vạn người. V&agrave; nhiều khả năng sẽ tiếp tục gia tăng trong nhiều năm tiếp theo.</p>', '<p><strong>Nguy&ecirc;n nh&acirc;n của sự thiếu hụt</strong></p>\n\n<p>&nbsp;</p>\n\n<p>L&atilde;o h&oacute;a d&acirc;n số l&agrave; vấn đề đầu ti&ecirc;n dẫn đến t&igrave;nh trạng n&agrave;y. Ng&agrave;nh IT cần một nguồn nh&acirc;n lực trẻ trung dồi d&agrave;o th&igrave; ở đất nước n&agrave;y lại đang tr&ecirc;n đ&agrave; trượt dốc thay v&agrave;o đ&oacute;, tỷ lệ người cao tuổi đang tăng ch&oacute;ng mặt. Tiếp theo l&agrave; C&aacute;ch gi&aacute;o dục IT phổ th&ocirc;ng thiếu thực tiễn, c&oacute; dấu hiệu tụt hậu tạo n&ecirc;n một lỗ hổng lớn về nguồn lực IT. Cuối c&ugrave;ng l&agrave; quan niệm x&atilde; hội về ng&agrave;nh IT khiến c&aacute;c bạn trẻ Nhật Bản kh&ocirc;ng hứng th&uacute;. Bức ảnh về một c&ocirc;ng việc nh&agrave;m ch&aacute;n, thu nhập chưa thực sự hấp dẫn l&agrave;m cho việc theo đuổi ng&agrave;nh n&agrave;y giảm s&uacute;t.</p>\n\n<p>&nbsp;</p>\n\n<p><strong>Giải ph&aacute;p thu h&uacute;t nguồn nh&acirc;n lực ng&agrave;nh IT của Nhật</strong></p>\n\n<p>&nbsp;</p>\n\n<p>Ngo&agrave;i những giải ph&aacute;p đường d&agrave;i về gi&aacute;o dục IT ở bậc tiểu học để g&acirc;y sự quan t&acirc;m, hứng th&uacute; ngay c&ograve;n nhỏ. Tuy nhi&ecirc;n để đạt kết quả cần một khoảng thời gian l&acirc;u d&agrave;i. Vậy giải ph&aacute;p b&ugrave; đắp nh&acirc;n sự l&agrave; người c&oacute; th&acirc;m ni&ecirc;n v&agrave; phụ nữ, tuy nhi&ecirc;n với tốc độ thay đổi ch&oacute;ng mặt v&agrave; nguồn kiến thức nhanh hết hạn như ng&agrave;nh IT th&igrave; những giải ph&aacute;p n&agrave;y kh&ocirc;ng mang lại sự thay đổi t&iacute;ch cực đ&aacute;ng kể.&nbsp;</p>\n\n<p>V&igrave; vậy nguồn nh&acirc;n sự nước ngo&agrave;i ch&iacute;nh l&agrave; giải ph&aacute;p hiệu quả nhất. Thứ nhất mở c&aacute;c chi nh&aacute;nh tại nước ngo&agrave;i v&agrave; thứ hai thu h&uacute;t nh&acirc;n sự c&aacute;c nước đến l&agrave;m việc. Ch&iacute;nh v&igrave; thế, cơ hội với c&aacute;c nh&acirc;n sự ng&agrave;nh IT để c&oacute; thể l&agrave;m việc với Nhật l&agrave; v&ocirc; c&ugrave;ng lớn. Tuy nhi&ecirc;n, việc tuyển chọn những kỹ sư c&ocirc;ng nghệ th&ocirc;ng tin v&agrave;o nước l&agrave;m việc thực sự rất b&agrave;i bản. Vừa giải quyết những vấn đề thiếu hụt cấp b&aacute;ch vừa c&oacute; nguồn nh&acirc;n lực chất lượng cao trong d&agrave;i hạn.</p>\n\n<p>K&egrave;m theo những cơ hội rộng mở đ&oacute; c&ograve;n l&agrave; những th&aacute;ch thức, những đ&ograve;i hỏi kỹ lưỡng từ một nước ph&aacute;t triển như Nhật Bản. Những kỹ sư IT Việt Nam h&atilde;y trau dồi bản th&acirc;n m&igrave;nh hơn về ngoại ngữ, chuy&ecirc;n m&ocirc;n v&agrave; những kỹ năng cần thiết để c&oacute; thể đưa sự nghiệp IT đi xa hơn.&nbsp;</p>', 8, 1, 0, '2018-10-25 11:20:03', '2018-10-25 11:20:03'),
(9, 'なぜITをアウトソーシングするのが最適な選択ですか', 'なぜITをアウトソーシングするのが最適な選択ですか', '6.png', '<p>Gia c&ocirc;ng phần mềm CNTT l&agrave; t&igrave;m kiếm sự hỗ trợ từ c&aacute;c đội chuy&ecirc;n dụng b&ecirc;n ngo&agrave;i c&ocirc;ng ty, đ&acirc;y cũng l&agrave; một xu hướng lớn hiện nay. C&aacute;c doanh nghiệp th&iacute;ch thu&ecirc; ngo&agrave;i c&aacute;c dự &aacute;n CNTT v&igrave; những l&yacute; do sau đ&acirc;</p>', '<p><strong>1. Duy tr&igrave; t&iacute;nh cạnh tranh</strong></p>\n\n<p>Nhu cầu ng&agrave;y c&agrave;ng tăng nhằm tối ưu h&oacute;a chi ti&ecirc;u để duy tr&igrave; t&iacute;nh cạnh tranh tr&ecirc;n thị trường cho c&aacute;c c&ocirc;ng ty mới khởi nghiệp, SME v&agrave; c&aacute;c tập đo&agrave;n lớn th&igrave; gia c&ocirc;ng phần mềm CNTT&nbsp;</p>\n\n<p><strong>2. Gia c&ocirc;ng phần mềm cung cấp nhiều gi&aacute; trị hơn l&agrave; chỉ đơn giản l&agrave; cắt giảm chi ph&iacute;&nbsp;</strong></p>\n\n<p>C&aacute;c nh&agrave; cung cấp v&agrave; gia c&ocirc;ng phần mềm c&oacute; kinh nghiệm từ nhiều trường hợp, vấn đề v&agrave; trở th&agrave;nh trung t&acirc;m của sự đổi mới. Sử dụng sự trợ gi&uacute;p của họ như vậy c&oacute; nghĩa l&agrave; nhận được quyền truy cập nhanh v&agrave;o c&aacute;c phương ph&aacute;p c&ocirc;ng nghệ, thực tiễn tốt nhất, quy tr&igrave;nh c&ocirc;ng việc chuy&ecirc;n nghiệp.</p>\n\n<p>&gt;&gt;&gt;Top c&ocirc;ng ty gia c&ocirc;ng v&agrave;&nbsp;<a href=\"http://mpsoftware.com.vn/\">thiết kế phần mềm</a>&nbsp;h&agrave;ng đầu Việt Nam</p>\n\n<p><strong>3. Gia c&ocirc;ng phần mềm gi&uacute;p đối ph&oacute; với c&aacute;c quy định của ng&agrave;nh v&agrave; an ninh mạng .</strong></p>\n\n<p>&nbsp;Nh&agrave; cung cấp dịch vụ được quản l&yacute; phải tu&acirc;n thủ nhiều quy định v&agrave; quy tr&igrave;nh l&agrave;m đảm bảo t&iacute;nh bảo mật v&agrave; t&iacute;nh to&agrave;n vẹn của dữ liệu m&agrave; họ xử l&yacute;. Đối với c&aacute;c doanh nghiệp, điều n&agrave;y c&oacute; nghĩa l&agrave; tất cả c&aacute;c vấn đề tu&acirc;n thủ quy định v&agrave; rủi ro được xử l&yacute; bởi đối t&aacute;c gia c&ocirc;ng phần mềm.</p>\n\n<p><strong>4. Gia c&ocirc;ng phần mềm trở th&agrave;nh một quan hệ đối t&aacute;c to&agrave;n diện, thay v&igrave; chỉ đơn thuần l&agrave; thu&ecirc; một nh&agrave; thầu cho một c&ocirc;ng việc .&nbsp;</strong></p>\n\n<p>Nh&agrave; cung cấp dịch vụ được quản l&yacute; c&oacute; thể kiểm tra cơ sở hạ tầng v&agrave; quy tr&igrave;nh CNTT hiện c&oacute;, tối ưu h&oacute;a hệ thống v&agrave; quy tr&igrave;nh c&ocirc;ng việc, gi&uacute;p loại bỏ sự chậm trễ v&agrave; nhiều hơn thế nữa.</p>', 0, 1, 0, '2018-10-25 11:20:12', '2018-10-25 11:20:12'),
(35, 'プログラマーにチームで働くように指示する', 'プログラマーにチームで働くように指示する', '7.png', '<p>Một trong những c&acirc;u hỏi phổ biến m&agrave; hầu hết c&aacute;c nh&agrave; tuyển dụng lập tr&igrave;nh vi&ecirc;n đ&oacute; l&agrave; khả năng l&agrave;m việc nh&oacute;m. N&oacute; quan trọng bời v&igrave; hầu hết sự nghiệp của bạn với tư c&aacute;ch l&agrave; một lập tr&igrave;nh vi&ecirc;n sẽ được l&agrave;m việc với những người kh&aacute;c trong một nh&oacute;m. Tiếp tục đọc b&agrave;i viết sau để bạn thực sự trở th&agrave;nh một đồng nghiệp c&oacute; gi&aacute; trị v&agrave; nh&oacute;m bạn c&oacute; được sức mạnh tổng hợp.</p>', '<p><strong>Th&agrave;nh c&ocirc;ng v&agrave; thất bại c&ugrave;ng nhau</strong></p>\n\n<p>Điều đ&oacute; c&oacute; nghĩa l&agrave; th&aacute;i độ v&agrave; tr&aacute;ch nhiệm khi hoạt động trong một nh&oacute;m. Lợi &iacute;ch ch&iacute;nh của nh&oacute;m l&agrave; cao nhất, mỗi th&agrave;nh vi&ecirc;n kh&ocirc;ng n&ecirc;n được xếp hạng ri&ecirc;ng lẻ. Hiệu quả c&ocirc;ng việc sẽ tốt hơn nếu c&aacute;c th&agrave;nh vi&ecirc;n trong nh&oacute;m bị r&agrave;ng buộc c&ugrave;ng nhau, giống nhau.&nbsp;</p>\n\n<p>Một số th&agrave;nh vi&ecirc;n c&oacute; thể đi chậm lại để thể hiện tin thần đồng đội c&ograve;n hơn tự gi&agrave;nh lấy huy chương v&agrave;ng cho ch&iacute;nh m&igrave;nh.</p>\n\n<p><strong>C&oacute; mục ti&ecirc;u chung</strong></p>\n\n<p>Một vấn đề thường thấy trong c&aacute;c nh&oacute;m ph&aacute;t triển phần mềm ch&iacute;nh l&agrave; sự ph&acirc;n t&aacute;n qu&aacute; nhiều nhiệm vụ giữa c&aacute;c th&agrave;nh vi&ecirc;n. Mỗi th&agrave;nh vi&ecirc;n đang l&agrave;m việc một m&igrave;nh với những nhiệm vụ của ri&ecirc;ng m&igrave;nh chứ kh&ocirc;ng thực sự l&agrave;m việc c&ugrave;ng nhau.&nbsp;</p>\n\n<p>V&igrave; thế một lập tr&igrave;nh vi&ecirc;n trong nh&oacute;m n&ecirc;n kh&ocirc;ng nhận những c&ocirc;ng việc mới khi c&oacute; thể đ&oacute;ng g&oacute;p cho c&ocirc;ng việc của một th&agrave;nh vi&ecirc;n kh&aacute;c trong nh&oacute;m đang chịu tr&aacute;ch nhiệm. Gi&uacute;p họ ho&agrave;n thiện những c&ocirc;ng việc tồn đọng trước khi triển khai sang phần tiếp theo. Đ&acirc;y cũng l&agrave; một kỹ thuật hiệu quả để c&oacute; th&uacute;c đẩy việc nh&oacute;m ho&agrave;m thiện nhanh hơn.</p>\n\n<p><strong>Chịu tr&aacute;ch nhiệm cho nh&oacute;m</strong></p>\n\n<p>L&agrave;m những g&igrave; bạn c&oacute; thể gi&uacute;p nh&oacute;m th&agrave;nh c&ocirc;ng ch&iacute;nh l&agrave; điều tốt nhất để c&oacute; thể ph&aacute;t triển sự nghiệp của bạn. Mặc d&ugrave; hiệu suất c&aacute; nh&acirc;n thực sự quan trọng, tuy nhi&ecirc;n, người quản l&yacute; của c&aacute;c c&ocirc;ng ty phần mềm quan t&acirc;m nhiều hơn đến hiệu suất l&agrave;m việc của cả nh&oacute;m với sự th&agrave;nh c&ocirc;ng của c&aacute;c dự &aacute;n, sản phẩm.</p>\n\n<p>Nếu như một th&agrave;nh vi&ecirc;n xuất sắc chắc chắn mọi người sẽ biết bạn tuyệt vời như thế n&agrave;o. Nhưng cả nh&oacute;m thất bại th&igrave; c&oacute; nghĩa l&agrave; cuối c&ugrave;ng bạn vẫn thất bại. Mỗi lập tr&igrave;nh vi&ecirc;n gi&uacute;p mọi người xung quanh tốt hơn th&igrave; chắc chắn rằng khả năng l&agrave;m việc của to&agrave;n bộ nh&oacute;m sẽ tốt hơn.</p>\n\n<p>&nbsp;</p>\n\n<p><img src=\"http://mpsoftware.com.vn/public/uploads/images/2018/09/28/1538123343=huong-dan-lap-trinh-vien-lam-viec-theo-nhom-hieu-qua-1.png\" /></p>', 1, 1, 0, '2018-10-25 11:20:18', '2018-10-25 11:20:18'),
(79, 'Lam the nao đe tang nang suat lap trinh vien', 'Lam-the-nao-đe-tang-nang-suat-lap-trinh-vien', '1.png', '<p>Lập tr&igrave;nh c&oacute; thể l&agrave; một niềm đam m&ecirc;, một niềm vui, tuy nhi&ecirc;n chắc chắn rằng n&oacute; kh&ocirc;ng phải l&agrave; một c&ocirc;ng việc dễ d&agrave;ng. Ch&igrave;a kh&oacute;a để th&agrave;nh c&ocirc;ng v&agrave; l&agrave;m việc hiệu quả ch&iacute;nh l&agrave; sự tập trung cao độ.&nbsp;</p>', '<p>C&oacute; thể n&oacute; sẽ l&agrave; một kho y&ecirc;u cầu từ kh&aacute;ch h&agrave;ng, những dự &aacute;n kh&aacute;c nhau v&agrave; những th&ocirc;ng b&aacute;o tr&ograve; chuyện đến từ nhiều nơi nhiều người. Tất cả những điều đ&oacute; nếu như bạn mở ra ngay th&igrave; dường như bạn đang c&oacute; cả tỷ thứ việc cần l&agrave;m. Tất cả đều khiến bạn cảm thấy lo lắng v&agrave; tồi tệ hơn.&nbsp;</p>\n\n<p>Một ng&agrave;y bạn sẽ mở hộp thư v&agrave;i lần nếu những vấn đề n&agrave;o m&agrave; bạn c&oacute; thể xử l&yacute; nhanh ch&oacute;ng h&atilde;y bắt đầu với n&oacute;. V&agrave; nhiệm vụ đang l&agrave;m hiện tại sẽ nhanh ch&oacute;ng hơn, kết quả hơn</p>\n\n<p><img alt=\"\" src=\"/ckfinder/userfiles/images/3.png\" style=\"height:200px; width:304px\" /></p>', 1, 1, 0, '2018-10-25 11:20:24', '2018-10-25 11:20:24'),
(80, 'Hoc tieng^ Nh%^&-at IT nhu the nao la hieu qua', 'Hoc-tieng-Nh-at-IT-nhu-the-nao-la-hieu-qua', '2.png', '<p>Ngo&agrave;i kỹ năng chuy&ecirc;n m&ocirc;n lập tr&igrave;nh tốt, khả năng giao tiếp l&agrave; yếu tố quan trọng đưa sự nghiệp của bạn đi xa hơn. Nhất l&agrave; giao tiếp tiếng Nhật, bạn sẽ tự tin g&acirc;y ấn tượng với những lần gặp gỡ đối t&aacute;c hay thậm ch&iacute; bạn đang l&agrave;m việc trong c&aacute;c c&ocirc;ng ty Nhật. Tốt tiếng Nhật gi&uacute;p việc tận dụng c&aacute;c cơ hội tiềm năng sẽ dễ d&agrave;ng, x&acirc;y dựng một sự nghiệp vững chắc hơn.</p>', '<p>Ngo&agrave;i sự c&ocirc;ng nh&acirc;n năng lực N3, N2 th&igrave; việc &aacute;p dụng v&agrave;o trong c&ocirc;ng việc của một lập tr&igrave;nh vi&ecirc;n l&agrave; ho&agrave;n to&agrave;n kh&oacute; khăn. Bởi từ vựng IT phổ biến m&agrave; bạn kh&ocirc;ng thể gặp trong đ&oacute; chiếm đến 40%.</p>\n\n<p>V&igrave; thế c&aacute;ch học tiếng Nhật IT hiệu quả cần sự nỗ lực hết sức v&agrave; phương ph&aacute;p hữu &iacute;ch. Ph&acirc;n t&iacute;ch mẫu c&acirc;u v&agrave; ngữ ph&aacute;p IT để sử dụng trong c&ocirc;ng việc l&agrave; một gợi &yacute;. Bạn kh&ocirc;ng cần phải n&oacute;i hay tiếng Nhật, kh&ocirc;ng cần hiểu s&acirc;u sắc về văn h&oacute;a Nhật. Bởi tiếng Nhật đối với một kỹ sư IT chỉ l&agrave; c&ocirc;ng cụ để nắm bắt những cơ hội tiềm năng.</p>\n\n<p>Lập tr&igrave;nh vi&ecirc;n n&ecirc;n tập trung v&agrave; những t&igrave;nh huống thực tế về sử dụng tiếng Nhật trong c&aacute;c dự &aacute;n cụ thể. Như việc b&aacute;o c&aacute;o tiến độ dự &aacute;n, Những giải ph&aacute;p khả thi, tr&igrave;nh b&agrave;y giải th&iacute;ch v&agrave; xin lỗi về bug với kh&aacute;ch h&agrave;ng, đề xuất giải ph&aacute;p. Theo đ&oacute; những từ vựng phổ biến trong ng&agrave;nh IT được tiếp thu hiệu quả c&ugrave;ng với n&acirc;ng cao kỹ năng li&ecirc;n quan.&nbsp;</p>', 10, 1, 0, '2018-10-25 11:21:15', '2018-11-08 03:12:28'),
(81, 'Đau la moi truong thuc su tot đe Lap trinh vien phat trien', 'Đau-la-moi-truong-thuc-su-tot-đe-Lap-trinh-vien-phat-trien', '4.png', '<p>Với những lập tr&igrave;nh vi&ecirc;n mới ra trường hay chưa qu&aacute; một năm kinh nghiệm th&igrave; một m&ocirc;i trường c&oacute; người hướng dẫn, cấp tr&ecirc;n tốt trong giai đoạn n&agrave;y v&ocirc; c&ugrave;ng cần thiết v&agrave; quan trọng đối với sự ph&aacute;t triển bản th&acirc;n. Dưới đ&acirc;y l&agrave; 4 đặc trưng của một m&ocirc;i trường l&agrave;m việc tốt v&agrave; cũng l&agrave; những điều m&agrave; trong những năm đầu ti&ecirc;n đi l&agrave;m ai cũng mong muốn</p>', '<p><strong>1. Sếp c&oacute; t&acirc;m hướng dẫn kh&ocirc;ng kh&oacute; chịu</strong></p>\n\n<p>&nbsp;</p>\n\n<p>Một mentor c&oacute; t&acirc;m sẽ biết c&aacute;ch hướng dẫn nh&acirc;n vi&ecirc;n của m&igrave;nh theo một c&aacute;ch tiếp cận kh&aacute;c để họ kh&ocirc;ng cảm thấy kh&oacute; chịu. V&iacute; dụ như với một c&acirc;u hỏi cần search Google, người hướng dẫn kh&ocirc;ng tốt sẽ l&agrave; em đ&atilde; search Google chưa. Tuy nhi&ecirc;n, cũng với c&acirc;u hỏi đ&oacute;, nhưng với một người hướng dẫn tốt hơn bạn sẽ nhận được c&acirc;u trả lời vui th&iacute;ch hơn: Với c&acirc;u hỏi n&agrave;y, nếu search Google th&igrave; e c&oacute; thể c&oacute; c&acirc;u trả lời, c&ugrave;ng search thử xem nh&eacute;.&nbsp;</p>\n\n<p>Với những c&aacute;ch giải quyết thắc mắc thế n&agrave;y sẽ kh&ocirc;ng l&agrave;m nh&acirc;n vi&ecirc;n kh&oacute; chịu lần sau ngại hỏi, hay kh&ocirc;ng muốn hỏi. Việc c&ugrave;ng nhau giải quyết vấn đề, c&ugrave;ng nhau thực hiện t&igrave;m giải ph&aacute;p để nh&acirc;n vi&ecirc;n mới biết c&aacute;ch học hỏi, biết c&aacute;ch để giải quyết kh&oacute; khăn như thế n&agrave;o. Đ&acirc;y mới l&agrave; điều quan trọng.</p>', 4, 1, 0, '2018-10-25 11:20:37', '2018-10-25 11:20:37'),
(82, 'Con “khat” nhan su nganh IT trong thi truong Nhat', 'Con-“khat”-nhan-su-nganh-IT-trong-thi-truong-Nhat', '5.png', '<p>Tỷ lệ cung cầu nh&acirc;n sự ng&agrave;nh IT tại thị trường nhật hiện nay l&agrave; 1 người t&igrave;m việc, 6 việc t&igrave;m người. Theo một nghi&ecirc;n cứu từ bộ Kinh tế Nhật Bản đến năm 2020 con số thiếu hụt sẽ l&agrave; 20 vạn người. V&agrave; nhiều khả năng sẽ tiếp tục gia tăng trong nhiều năm tiếp theo.</p>', '<p><strong>Nguy&ecirc;n nh&acirc;n của sự thiếu hụt</strong></p>\n\n<p>&nbsp;</p>\n\n<p>L&atilde;o h&oacute;a d&acirc;n số l&agrave; vấn đề đầu ti&ecirc;n dẫn đến t&igrave;nh trạng n&agrave;y. Ng&agrave;nh IT cần một nguồn nh&acirc;n lực trẻ trung dồi d&agrave;o th&igrave; ở đất nước n&agrave;y lại đang tr&ecirc;n đ&agrave; trượt dốc thay v&agrave;o đ&oacute;, tỷ lệ người cao tuổi đang tăng ch&oacute;ng mặt. Tiếp theo l&agrave; C&aacute;ch gi&aacute;o dục IT phổ th&ocirc;ng thiếu thực tiễn, c&oacute; dấu hiệu tụt hậu tạo n&ecirc;n một lỗ hổng lớn về nguồn lực IT. Cuối c&ugrave;ng l&agrave; quan niệm x&atilde; hội về ng&agrave;nh IT khiến c&aacute;c bạn trẻ Nhật Bản kh&ocirc;ng hứng th&uacute;. Bức ảnh về một c&ocirc;ng việc nh&agrave;m ch&aacute;n, thu nhập chưa thực sự hấp dẫn l&agrave;m cho việc theo đuổi ng&agrave;nh n&agrave;y giảm s&uacute;t.</p>\n\n<p>&nbsp;</p>\n\n<p><strong>Giải ph&aacute;p thu h&uacute;t nguồn nh&acirc;n lực ng&agrave;nh IT của Nhật</strong></p>\n\n<p>&nbsp;</p>\n\n<p>Ngo&agrave;i những giải ph&aacute;p đường d&agrave;i về gi&aacute;o dục IT ở bậc tiểu học để g&acirc;y sự quan t&acirc;m, hứng th&uacute; ngay c&ograve;n nhỏ. Tuy nhi&ecirc;n để đạt kết quả cần một khoảng thời gian l&acirc;u d&agrave;i. Vậy giải ph&aacute;p b&ugrave; đắp nh&acirc;n sự l&agrave; người c&oacute; th&acirc;m ni&ecirc;n v&agrave; phụ nữ, tuy nhi&ecirc;n với tốc độ thay đổi ch&oacute;ng mặt v&agrave; nguồn kiến thức nhanh hết hạn như ng&agrave;nh IT th&igrave; những giải ph&aacute;p n&agrave;y kh&ocirc;ng mang lại sự thay đổi t&iacute;ch cực đ&aacute;ng kể.&nbsp;</p>\n\n<p>V&igrave; vậy nguồn nh&acirc;n sự nước ngo&agrave;i ch&iacute;nh l&agrave; giải ph&aacute;p hiệu quả nhất. Thứ nhất mở c&aacute;c chi nh&aacute;nh tại nước ngo&agrave;i v&agrave; thứ hai thu h&uacute;t nh&acirc;n sự c&aacute;c nước đến l&agrave;m việc. Ch&iacute;nh v&igrave; thế, cơ hội với c&aacute;c nh&acirc;n sự ng&agrave;nh IT để c&oacute; thể l&agrave;m việc với Nhật l&agrave; v&ocirc; c&ugrave;ng lớn. Tuy nhi&ecirc;n, việc tuyển chọn những kỹ sư c&ocirc;ng nghệ th&ocirc;ng tin v&agrave;o nước l&agrave;m việc thực sự rất b&agrave;i bản. Vừa giải quyết những vấn đề thiếu hụt cấp b&aacute;ch vừa c&oacute; nguồn nh&acirc;n lực chất lượng cao trong d&agrave;i hạn.</p>\n\n<p>K&egrave;m theo những cơ hội rộng mở đ&oacute; c&ograve;n l&agrave; những th&aacute;ch thức, những đ&ograve;i hỏi kỹ lưỡng từ một nước ph&aacute;t triển như Nhật Bản. Những kỹ sư IT Việt Nam h&atilde;y trau dồi bản th&acirc;n m&igrave;nh hơn về ngoại ngữ, chuy&ecirc;n m&ocirc;n v&agrave; những kỹ năng cần thiết để c&oacute; thể đưa sự nghiệp IT đi xa hơn.&nbsp;</p>', 31, 1, 0, '2018-10-25 11:20:59', '2018-11-12 07:10:03'),
(83, 'Vi sao gia cong phan mem CNTT la su lua chon hoan hao', 'Vi-sao-gia-cong-phan-mem-CNTT-la-su-lua-chon-hoan-hao', '6.png', '<p>Gia c&ocirc;ng phần mềm CNTT l&agrave; t&igrave;m kiếm sự hỗ trợ từ c&aacute;c đội chuy&ecirc;n dụng b&ecirc;n ngo&agrave;i c&ocirc;ng ty, đ&acirc;y cũng l&agrave; một xu hướng lớn hiện nay. C&aacute;c doanh nghiệp th&iacute;ch thu&ecirc; ngo&agrave;i c&aacute;c dự &aacute;n CNTT v&igrave; những l&yacute; do sau đ&acirc;.</p>', '<p><strong>1. Duy tr&igrave; t&iacute;nh cạnh tranh</strong></p>\n\n<p>Nhu cầu ng&agrave;y c&agrave;ng tăng nhằm tối ưu h&oacute;a chi ti&ecirc;u để duy tr&igrave; t&iacute;nh cạnh tranh tr&ecirc;n thị trường cho c&aacute;c c&ocirc;ng ty mới khởi nghiệp, SME v&agrave; c&aacute;c tập đo&agrave;n lớn th&igrave; gia c&ocirc;ng phần mềm CNTT&nbsp;</p>\n\n<p><strong>2. Gia c&ocirc;ng phần mềm cung cấp nhiều gi&aacute; trị hơn l&agrave; chỉ đơn giản l&agrave; cắt giảm chi ph&iacute;&nbsp;</strong></p>\n\n<p>C&aacute;c nh&agrave; cung cấp v&agrave; gia c&ocirc;ng phần mềm c&oacute; kinh nghiệm từ nhiều trường hợp, vấn đề v&agrave; trở th&agrave;nh trung t&acirc;m của sự đổi mới. Sử dụng sự trợ gi&uacute;p của họ như vậy c&oacute; nghĩa l&agrave; nhận được quyền truy cập nhanh v&agrave;o c&aacute;c phương ph&aacute;p c&ocirc;ng nghệ, thực tiễn tốt nhất, quy tr&igrave;nh c&ocirc;ng việc chuy&ecirc;n nghiệp.</p>\n\n<p>&gt;&gt;&gt;Top c&ocirc;ng ty gia c&ocirc;ng v&agrave;&nbsp;<a href=\"http://mpsoftware.com.vn/\">thiết kế phần mềm</a>&nbsp;h&agrave;ng đầu Việt Nam</p>\n\n<p><strong>3. Gia c&ocirc;ng phần mềm gi&uacute;p đối ph&oacute; với c&aacute;c quy định của ng&agrave;nh v&agrave; an ninh mạng .</strong></p>\n\n<p>&nbsp;Nh&agrave; cung cấp dịch vụ được quản l&yacute; phải tu&acirc;n thủ nhiều quy định v&agrave; quy tr&igrave;nh l&agrave;m đảm bảo t&iacute;nh bảo mật v&agrave; t&iacute;nh to&agrave;n vẹn của dữ liệu m&agrave; họ xử l&yacute;. Đối với c&aacute;c doanh nghiệp, điều n&agrave;y c&oacute; nghĩa l&agrave; tất cả c&aacute;c vấn đề tu&acirc;n thủ quy định v&agrave; rủi ro được xử l&yacute; bởi đối t&aacute;c gia c&ocirc;ng phần mềm.</p>\n\n<p><strong>4. Gia c&ocirc;ng phần mềm trở th&agrave;nh một quan hệ đối t&aacute;c to&agrave;n diện, thay v&igrave; chỉ đơn thuần l&agrave; thu&ecirc; một nh&agrave; thầu cho một c&ocirc;ng việc .&nbsp;</strong></p>\n\n<p>Nh&agrave; cung cấp dịch vụ được quản l&yacute; c&oacute; thể kiểm tra cơ sở hạ tầng v&agrave; quy tr&igrave;nh CNTT hiện c&oacute;, tối ưu h&oacute;a hệ thống v&agrave; quy tr&igrave;nh c&ocirc;ng việc, gi&uacute;p loại bỏ sự chậm trễ v&agrave; nhiều hơn thế nữa.</p>', 7, 1, 0, '2018-10-25 11:19:43', '2018-11-12 07:09:59'),
(84, 'Huong dan lam viec nhom hieu qua?', 'Huong-dan-lam-viec-nhom-hieu-qua', '7.png', '<p>Một trong những c&acirc;u hỏi phổ biến m&agrave; hầu hết c&aacute;c nh&agrave; tuyển dụng lập tr&igrave;nh vi&ecirc;n đ&oacute; l&agrave; khả năng l&agrave;m việc nh&oacute;m. N&oacute; quan trọng bời v&igrave; hầu hết sự nghiệp của bạn với tư c&aacute;ch l&agrave; một lập tr&igrave;nh vi&ecirc;n sẽ được l&agrave;m việc với những người kh&aacute;c trong một nh&oacute;m. Tiếp tục đọc b&agrave;i viết sau để bạn thực sự trở th&agrave;nh một đồng nghiệp c&oacute; gi&aacute; trị v&agrave; nh&oacute;m bạn c&oacute; được sức mạnh tổng hợp..</p>', '<p><strong>Th&agrave;nh c&ocirc;ng v&agrave; thất bại c&ugrave;ng nhau</strong></p>\n\n<p>Điều đ&oacute; c&oacute; nghĩa l&agrave; th&aacute;i độ v&agrave; tr&aacute;ch nhiệm khi hoạt động trong một nh&oacute;m. Lợi &iacute;ch ch&iacute;nh của nh&oacute;m l&agrave; cao nhất, mỗi th&agrave;nh vi&ecirc;n kh&ocirc;ng n&ecirc;n được xếp hạng ri&ecirc;ng lẻ. Hiệu quả c&ocirc;ng việc sẽ tốt hơn nếu c&aacute;c th&agrave;nh vi&ecirc;n trong nh&oacute;m bị r&agrave;ng buộc c&ugrave;ng nhau, giống nhau.&nbsp;</p>\n\n<p>Một số th&agrave;nh vi&ecirc;n c&oacute; thể đi chậm lại để thể hiện tin thần đồng đội c&ograve;n hơn tự gi&agrave;nh lấy huy chương v&agrave;ng cho ch&iacute;nh m&igrave;nh.</p>\n\n<p><strong>C&oacute; mục ti&ecirc;u chung</strong></p>\n\n<p>Một vấn đề thường thấy trong c&aacute;c nh&oacute;m ph&aacute;t triển phần mềm ch&iacute;nh l&agrave; sự ph&acirc;n t&aacute;n qu&aacute; nhiều nhiệm vụ giữa c&aacute;c th&agrave;nh vi&ecirc;n. Mỗi th&agrave;nh vi&ecirc;n đang l&agrave;m việc một m&igrave;nh với những nhiệm vụ của ri&ecirc;ng m&igrave;nh chứ kh&ocirc;ng thực sự l&agrave;m việc c&ugrave;ng nhau.&nbsp;</p>\n\n<p>V&igrave; thế một lập tr&igrave;nh vi&ecirc;n trong nh&oacute;m n&ecirc;n kh&ocirc;ng nhận những c&ocirc;ng việc mới khi c&oacute; thể đ&oacute;ng g&oacute;p cho c&ocirc;ng việc của một th&agrave;nh vi&ecirc;n kh&aacute;c trong nh&oacute;m đang chịu tr&aacute;ch nhiệm. Gi&uacute;p họ ho&agrave;n thiện những c&ocirc;ng việc tồn đọng trước khi triển khai sang phần tiếp theo. Đ&acirc;y cũng l&agrave; một kỹ thuật hiệu quả để c&oacute; th&uacute;c đẩy việc nh&oacute;m ho&agrave;m thiện nhanh hơn.</p>\n\n<p><strong>Chịu tr&aacute;ch nhiệm cho nh&oacute;m</strong></p>\n\n<p>L&agrave;m những g&igrave; bạn c&oacute; thể gi&uacute;p nh&oacute;m th&agrave;nh c&ocirc;ng ch&iacute;nh l&agrave; điều tốt nhất để c&oacute; thể ph&aacute;t triển sự nghiệp của bạn. Mặc d&ugrave; hiệu suất c&aacute; nh&acirc;n thực sự quan trọng, tuy nhi&ecirc;n, người quản l&yacute; của c&aacute;c c&ocirc;ng ty phần mềm quan t&acirc;m nhiều hơn đến hiệu suất l&agrave;m việc của cả nh&oacute;m với sự th&agrave;nh c&ocirc;ng của c&aacute;c dự &aacute;n, sản phẩm.</p>\n\n<p>Nếu như một th&agrave;nh vi&ecirc;n xuất sắc chắc chắn mọi người sẽ biết bạn tuyệt vời như thế n&agrave;o. Nhưng cả nh&oacute;m thất bại th&igrave; c&oacute; nghĩa l&agrave; cuối c&ugrave;ng bạn vẫn thất bại. Mỗi lập tr&igrave;nh vi&ecirc;n gi&uacute;p mọi người xung quanh tốt hơn th&igrave; chắc chắn rằng khả năng l&agrave;m việc của to&agrave;n bộ nh&oacute;m sẽ tốt hơn.</p>\n\n<p>&nbsp;</p>\n\n<p><img src=\"http://mpsoftware.com.vn/public/uploads/images/2018/09/28/1538123343=huong-dan-lap-trinh-vien-lam-viec-theo-nhom-hieu-qua-1.png\" /></p>', 11, 1, 0, '2018-10-25 11:19:28', '2018-11-07 07:55:07');

-- --------------------------------------------------------

--
-- Cấu trúc bảng cho bảng `password_resets`
--

CREATE TABLE `password_resets` (
  `email` varchar(191) COLLATE utf8mb4_unicode_ci NOT NULL,
  `token` varchar(191) COLLATE utf8mb4_unicode_ci NOT NULL,
  `created_at` timestamp NULL DEFAULT NULL
) ENGINE=InnoDB DEFAULT CHARSET=utf8mb4 COLLATE=utf8mb4_unicode_ci;

-- --------------------------------------------------------

--
-- Cấu trúc bảng cho bảng `tag`
--

CREATE TABLE `tag` (
  `id` int(10) UNSIGNED NOT NULL,
  `name` varchar(191) COLLATE utf8mb4_unicode_ci NOT NULL,
  `created_at` timestamp NULL DEFAULT NULL,
  `updated_at` timestamp NULL DEFAULT NULL
) ENGINE=InnoDB DEFAULT CHARSET=utf8mb4 COLLATE=utf8mb4_unicode_ci;

--
-- Đang đổ dữ liệu cho bảng `tag`
--

INSERT INTO `tag` (`id`, `name`, `created_at`, `updated_at`) VALUES
(1, 'quandz', NULL, NULL),
(2, 'quandaigia', NULL, NULL),
(11, 'quanhocgioi', NULL, NULL),
(12, 'thangxauzai', NULL, NULL),
(13, 'quanbest', NULL, NULL),
(14, 'quannn', NULL, NULL),
(15, 'daiga', NULL, NULL),
(16, 'lexinhgai', NULL, NULL);

-- --------------------------------------------------------

--
-- Cấu trúc bảng cho bảng `tags_object_news`
--

CREATE TABLE `tags_object_news` (
  `id` int(10) UNSIGNED NOT NULL,
  `news_id` int(11) NOT NULL,
  `tag_id` int(11) NOT NULL,
  `news_title` varchar(255) COLLATE utf8mb4_unicode_ci DEFAULT NULL,
  `tag_name` varchar(222) COLLATE utf8mb4_unicode_ci DEFAULT NULL,
  `created_at` timestamp NULL DEFAULT NULL,
  `updated_at` timestamp NULL DEFAULT NULL
) ENGINE=InnoDB DEFAULT CHARSET=utf8mb4 COLLATE=utf8mb4_unicode_ci;

--
-- Đang đổ dữ liệu cho bảng `tags_object_news`
--

INSERT INTO `tags_object_news` (`id`, `news_id`, `tag_id`, `news_title`, `tag_name`, `created_at`, `updated_at`) VALUES
(240, 6, 16, 'プログラマーにとって良い環境は何ですか？', 'lexinhgai', NULL, NULL),
(241, 7, 1, '日本市場に精通したIT', 'quandz', NULL, NULL),
(242, 7, 12, '日本市場に精通したIT', 'thangxauzai', NULL, NULL),
(243, 7, 16, '日本市場に精通したIT', 'lexinhgai', NULL, NULL),
(244, 81, 12, 'Đau la moi truong thuc su tot đe Lap trinh vien phat trien', 'thangxauzai', NULL, NULL),
(246, 82, 13, 'Con “khat” nhan su nganh IT trong thi truong Nhat', 'quanbest', NULL, NULL),
(247, 5, 16, '日本語を学ぶITそれはいかに効果的ですか', 'lexinhgai', NULL, NULL),
(253, 84, 1, 'Huong dan lam viec nhom hieu qua?', 'quandz', NULL, NULL),
(254, 84, 2, 'Huong dan lam viec nhom hieu qua?', 'quandaigia', NULL, NULL),
(255, 84, 14, 'Huong dan lam viec nhom hieu qua?', 'quannn', NULL, NULL),
(256, 84, 15, 'Huong dan lam viec nhom hieu qua?', 'daiga', NULL, NULL),
(257, 84, 16, 'Huong dan lam viec nhom hieu qua?', 'lexinhgai', NULL, NULL);

-- --------------------------------------------------------

--
-- Cấu trúc bảng cho bảng `tbl_home`
--

CREATE TABLE `tbl_home` (
  `title` varchar(191) NOT NULL,
  `description` tinytext,
  `content` text,
  `images` tinytext,
  `status` tinyint(4) NOT NULL,
  `id` int(11) NOT NULL
) ENGINE=InnoDB DEFAULT CHARSET=utf8mb4;

--
-- Đang đổ dữ liệu cho bảng `tbl_home`
--

INSERT INTO `tbl_home` (`title`, `description`, `content`, `images`, `status`, `id`) VALUES
('Hello, world.', '<h1>ARE YOU READY<br />\r\nTO MAKE IT AWESOME<br />\r\nWITH US?</h1>', NULL, '[\"banner-jp.jpg\"]', 1, 1),
('Who are you?', NULL, '<p>MP Software is a full-service software company based in Hanoi, Vietnam, having two branches in Da Nang and Ho Chi Minh cities, an overseas branch in Japan.</p><p>We provide a wide range of outsourcing services from web solutions to software QA &amp; Testing and Mobility. We deliver quality-centric, cost efficient and vigorous software development solutions with the help of inventive ideas integrated with coherent strategy, cutting edge technologies &amp; user-friendly designs that facilitate the customers to renovate their business.</p>\r\n<p>The most important matter for us is to do things in the best way, to build trust and exceed expectations. We rely mainly on the people&rsquo;s skills and the constant desire for improvement. Our team believes that devotion, collaboration and friendship are the key factors of our success. The success comes as natural result of the win-win relationships with our customers and employees.</p>', '[\"whoareyou.jpg\"]', 1, 2),
('Core values', '<h1>&ldquo;People - Process - Technology&rdquo;</h1>', '<p>MP Software is a full-service software company based in Hanoi, Vietnam, having two branches in Da Nang and Ho Chi Minh cities, an overseas branch in Japan. We provide a wide range of outsourcing services from web solutions to software QA & Testing and Mobility.  </p>', NULL, 1, 3),
('Case studies', '<h1>Case studies</h1>', '<h2>PROCUREMENT</h2>\r\n<p>Procurement application is a mobile app which used to help businesses to make requests, approvals, and purchases from various internet-connected device, provide procurement information, selection plan for bidders and bid results</p>\r\n\r\n<p>This application assist in supplier selection, the analysis of supplier performance, and the establishment of the terms of bid to balance cost, quality and risk</p>\r\n\r\n<p>&bull; Helps users on all requisitions,bid orders, and expenses. The bid order processing system is designed to offer a user experience similar to online shopping...</p>\r\n', '[\"i-iphone.png\"]', 1, 4),
('News', NULL, NULL, NULL, 1, 5),
('Services', NULL, '<div class=\"service-item col-sm-6 col-md-4 wow slideInLeft\"  data-wow-delay=\"0\">\r\n            <div class=\"service-content\">\r\n              <div class=\"content-left\">\r\n                <div class=\"icon-service\"><img src=\"dist/images/i-service1.jpg\" alt=\"\"></div>\r\n              </div>\r\n              <div class=\"content-right\">\r\n                <div class=\"service-text\">\r\n                  <h2 class=\"servive-title\">\r\n                    <a href=\"#\">\r\n                      Testing and QA\r\n                    </a>\r\n                  </h2>\r\n                  <ul class=\"list-normal\">\r\n                    <li>GUI testing</li>\r\n                    <li>Functional testing</li>\r\n                    <li>Performance testing</li>\r\n                    <li>Security testing</li>\r\n                    <li>Regression testing</li>\r\n                    <li>Localization</li>\r\n                  </ul>\r\n                </div>\r\n              </div>\r\n            </div>\r\n          </div>\r\n\r\n          <div class=\"service-item col-sm-6 col-md-4 wow slideInUp\"  data-wow-delay=\"0\">\r\n            <div class=\"service-content\">\r\n              <div class=\"content-left\">\r\n                <div class=\"icon-service\"><img src=\"dist/images/i-service2.jpg\" alt=\"\"></div>\r\n              </div>\r\n              <div class=\"content-right\">\r\n                <div class=\"service-text\">\r\n                  <h2 class=\"servive-title\">\r\n                    <a href=\"#\">\r\n                      Mobility\r\n                    </a>\r\n                  </h2>\r\n                  <ul class=\"list-normal\">\r\n                    <li>Mobile Application Development</li>\r\n                    <li>Social APIs Integration</li>\r\n                    <li>Mobile Advertising</li>\r\n                  </ul>\r\n                </div>\r\n              </div>\r\n            </div>\r\n          </div>\r\n\r\n          <div class=\"service-item col-sm-6 col-md-4 wow slideInRight\"  data-wow-delay=\"0\">\r\n            <div class=\"service-content\">\r\n              <div class=\"content-left\">\r\n                <div class=\"icon-service\"><img src=\"dist/images/i-service3.jpg\" alt=\"\"></div>\r\n              </div>\r\n              <div class=\"content-right\">\r\n                <div class=\"service-text\">\r\n                  <h2 class=\"servive-title\">\r\n                    <a href=\"#\">\r\n                      Application Development\r\n                    </a>\r\n                  </h2>\r\n                  <ul class=\"list-normal\">\r\n                    <li>Application Migration</li>\r\n                    <li>Application Maintenance</li>\r\n                    <li>Application Integration</li>\r\n                    <li>Migrate from legacy app to cloud</li>\r\n                  </ul>\r\n                </div>\r\n              </div>\r\n            </div>\r\n          </div>\r\n          <div class=\"service-item col-sm-6 col-md-4 wow slideInLeft\"  data-wow-delay=\"0\">\r\n            <div class=\"service-content\">\r\n              <div class=\"content-left\">\r\n                <div class=\"icon-service\"><img src=\"dist/images/i-service4.jpg\" alt=\"\"></div>\r\n              </div>\r\n              <div class=\"content-right\">\r\n                <div class=\"service-text\">\r\n                  <h2 class=\"servive-title\">\r\n                    <a href=\"#\">\r\n                      Web Solutions\r\n                    </a>\r\n                  </h2>\r\n                  <ul class=\"list-normal\">\r\n                    <li>Web Development</li>\r\n                    <li>Web App Development</li>\r\n                    <li>Web Testing and Maintenance</li>\r\n                    <li>Web Diagnosis/ Operation</li>\r\n                    <li>CMS</li>\r\n                  </ul>\r\n                </div>\r\n              </div>\r\n            </div>\r\n          </div>\r\n\r\n          <div class=\"service-item col-sm-6 col-md-4 wow slideInUp\"  data-wow-delay=\"0\">\r\n            <div class=\"service-content\">\r\n              <div class=\"content-left\">\r\n                <div class=\"icon-service\"><img src=\"dist/images/i-service5.jpg\" alt=\"\"></div>\r\n              </div>\r\n              <div class=\"content-right\">\r\n                <div class=\"service-text\">\r\n                  <h2 class=\"servive-title\">\r\n                    <a href=\"#\">\r\n                      Design\r\n                    </a>\r\n                  </h2>\r\n                  <ul class=\"list-normal\">\r\n                    <li>UX/UI Design</li>\r\n                    <li>Frontend Development</li>\r\n                    <li>Graphics Design</li>\r\n                  </ul>\r\n                </div>\r\n              </div>\r\n            </div>\r\n          </div>\r\n\r\n          <div class=\"service-item col-sm-6 col-md-4 wow slideInRight\"  data-wow-delay=\"0\">\r\n            <div class=\"service-content\">\r\n              <div class=\"content-left\">\r\n                <div class=\"icon-service\"><img src=\"dist/images/i-service6.jpg\" alt=\"\"></div>\r\n              </div>\r\n              <div class=\"content-right\">\r\n                <div class=\"service-text\">\r\n                  <h2 class=\"servive-title\">\r\n                    <a href=\"#\">\r\n                      Enterprise Solution\r\n                    </a>\r\n                  </h2>\r\n                  <ul class=\"list-normal\">\r\n                    <li>SAP Business One</li>\r\n                    <li>ERP/ CRM</li>\r\n                    <li>DMS/ SCM</li>\r\n                    <li>Reporting/ Analytics</li>\r\n                  </ul>\r\n                </div>\r\n              </div>\r\n            </div>\r\n          </div>', '[\"image-service.jpg\"]', 1, 6);

-- --------------------------------------------------------

--
-- Cấu trúc bảng cho bảng `tbl_menus`
--

CREATE TABLE `tbl_menus` (
  `id` int(11) NOT NULL,
  `name` varchar(191) DEFAULT NULL,
  `slug` tinytext,
  `parent_id` int(11) NOT NULL,
  `description` tinytext,
  `content` text,
  `content2` text,
  `images` text,
  `sort` tinyint(2) DEFAULT NULL,
  `status` tinyint(1) NOT NULL DEFAULT '1'
) ENGINE=InnoDB DEFAULT CHARSET=utf8mb4;

--
-- Đang đổ dữ liệu cho bảng `tbl_menus`
--

INSERT INTO `tbl_menus` (`id`, `name`, `slug`, `parent_id`, `description`, `content`, `content2`, `images`, `sort`, `status`) VALUES
(1, 'ABOUT US', 'about-us', 0, NULL, NULL, NULL, '[\"sli1.jpg\", \"sli2.jpg\", \"sli3.jpg\", \"sli4.jpg\"]', 1, 1),
(14, 'OUR COMPANY', 'our-company', 1, NULL, '<p>MP Software is a full-service software company based in Hanoi, Vietnam, having two branches in Da Nang and Ho Chi Minh cities, an overseas branch in Japan.</p>\r\n\r\n<p>We provide a wide range of outsourcing services from web solutions to software QA &amp; Testing and Mobility. We deliver quality-centric, cost efficient and vigorous software development solutions with the help of inventive ideas integrated with coherent strategy, cutting edge technologies &amp; user-friendly designs that facilitate the customers to renovate their business.</p>\r\n<p>The most important matter for us is to do things in the best way, to build trust and exceed expectations. We rely mainly on the people&rsquo;s skills and the constant desire for improvement. Our team believes that devotion, collaboration and friendship are the key factors of our success. The success comes as natural result of the win-win relationships with our customers and employees.</p>', NULL, '[\"whoareyou.jpg\"]', 1, 1),
(15, 'Our people', 'our-people', 1, NULL, '<p>MPsoftware believes in the idea that motivated and competent individuals are the key to every company&#39;s success. From the very beginning, we built its foundation on highly-qualified and experienced staff. We leverage our People, Processes and Effective use of technology to catapult our clients to achieve their business potential. MPsoftware takes pride in its proactive and competent young men and women that brought the company to the accomplishment of every endeavor it takes. These individuals proved to have contributed something: dynamic spirit, innovative ideas, technical skills, independent work.</p>\r\n\r\n<p>- Young, dynamic human resource with high professional teamwork skills.<br />\r\n- Have extensive knowledge of E-commerce, Education, Health, Finance-Banking, CRM, Logistic, ERP.<br />\r\n- Constantly update new technology.<br />\r\n- Experienced annual training sessions, weekly technology seminars - Keep up to date with the latest technology<br />\r\n- Team leaders have the ability to communicate foreign language directly with customers<br />\r\n- Satisfy customers&#39; diverse and flexible requirements</p>\r\n\r\n<p>Our objective is to achieve 100% client satisfaction by offering reliable and adap table IT solutions</p>', NULL, '[\"bg-people.jpg\"]', 2, 1),
(16, 'Our Business Process', 'our-business-process', 1, NULL, '<ul class=\"list-process2\">\r\n          <li class=\"col-md-3 wow slideInRight\" data-wow-delay=\"0.1s\" style=\"visibility: visible; animation-delay: 0.1s; animation-name: slideInRight;\">\r\n            <div class=\"cover-our\">\r\n              <div class=\"content-img\">\r\n                <img src=\"dist/images/our1.png\" alt=\"\">\r\n              </div>\r\n              <div class=\"content-text\">\r\n                <h4 class=\"title\">\r\n                  <span>1.</span> Kick off process\r\n                </h4>\r\n                <p>In a kick-off meeting , we’ll talk about your project goals and to help you identify the solutions that will be right for your organization. We’ll also set up some time frames for the project, so you’ll know what to expect. Gain engagement with customer and your agreement for project </p>\r\n              </div>\r\n            </div>\r\n          </li>\r\n          <li class=\"wow slideInRight\" data-wow-delay=\"0.2s\" style=\"visibility: visible; animation-delay: 0.2s; animation-name: slideInRight;\">\r\n            <div class=\"cover-our\">\r\n              <div class=\"content-img\">\r\n                <img src=\"dist/images/our2.png\" alt=\"step1\">\r\n              </div>\r\n              <div class=\"content-text\">\r\n                <h4 class=\"title\">\r\n                  <span>2.</span> Planning\r\n                </h4>\r\n                <p>We begin to organize the groundwork for the project. We\'ll help you define a clear strategy and develop a road map. By including you in our strategic development process, we ensure that our creative work is never rooted in ambiguous strategies. </p>\r\n              </div>\r\n            </div>\r\n          </li>\r\n          <li class=\" wow slideInRight\" data-wow-delay=\"0.3s\" style=\"visibility: visible; animation-delay: 0.3s; animation-name: slideInRight;\">\r\n            <div class=\"cover-our\">\r\n              <div class=\"content-img\">\r\n                <img src=\"dist/images/our3.png\" alt=\"step1\">\r\n              </div>\r\n              <div class=\"content-text\">\r\n                <h4 class=\"title\">\r\n                  <span>3.</span> Design\r\n                </h4>\r\n                <p>During the design phase, you’ll start  design elements based on the site map and wireframes. We work collaboratively throughout the creative process, both internally and with you. Typically, you’ll receive a proof of products to review and sign off </p>\r\n              </div>\r\n            </div>\r\n          </li>\r\n          <li class=\" wow slideInRight\" data-wow-delay=\"0.4s\" style=\"visibility: visible; animation-delay: 0.4s; animation-name: slideInRight;\">\r\n            <div class=\"cover-our\">\r\n              <div class=\"content-img\">\r\n                <img src=\"dist/images/our4.png\" alt=\"step1\">\r\n              </div>\r\n              <div class=\"content-text\">\r\n                <h4 class=\"title\">\r\n                  <span>4.</span> Implement\r\n                </h4>\r\n                <p>Our professional developer team determines the project scope and modifies the newly approved plans  into a working and then baseline the project plan, project requirement, HLD</p>\r\n              </div>\r\n            </div>\r\n          </li>\r\n          <li class=\"wow slideInRight\" data-wow-delay=\"0.5s\" style=\"visibility: visible; animation-delay: 0.5s; animation-name: slideInRight;\">\r\n            <div class=\"cover-our\">\r\n              <div class=\"content-img\">\r\n                <img src=\"dist/images/OUR5.png\" alt=\"step1\">\r\n              </div>\r\n              <div class=\"content-text\">\r\n                <h4 class=\"title\">\r\n                  <span>5.</span> Test\r\n                </h4>\r\n                <p>We ascertain quality performance of software using a wide variety of recognized testing tools. The team of QA engineers brings the expertise and proven practices into your projects. You achieve more test coverage without having in-house testing team.</p>\r\n              </div>\r\n            </div>\r\n          </li>\r\n          <li class=\"wow slideInRight\" data-wow-delay=\"0.6s\" style=\"visibility: visible; animation-delay: 0.6s; animation-name: slideInRight;\">\r\n           <div class=\"cover-our\">\r\n             <div class=\"content-img\">\r\n               <img src=\"dist/images/our6.png\" alt=\"step1\">\r\n             </div>\r\n             <div class=\"content-text\">\r\n               <h4 class=\"title\">\r\n                 <span>6.</span> Delivering\r\n               </h4>\r\n               <p>Once we receive your final approval, it is time to deliver . We’ll establish the tasks required to ensure a successful transition. We deliver and/or deploy the final product and transfer knowledge</p>\r\n             </div>\r\n           </div>\r\n          </li>\r\n          <li class=\"wow slideInRight\" data-wow-delay=\"0.7s\" style=\"visibility: visible; animation-delay: 0.7s; animation-name: slideInRight;\">\r\n            <div class=\"cover-our\">\r\n              <div class=\"content-img\">\r\n                <img src=\"dist/images/our7.png\" alt=\"step1\">\r\n              </div>\r\n              <div class=\"content-text\">\r\n                <h4 class=\"title\">\r\n                  <span>7.</span> Launch\r\n                </h4>\r\n                <p>Here we quickly test again to make sure that all have been uploaded perfectly, operatived fully. Our team will also train you to manage and update project. This marks the official launch of your project . We evaluate the project achievements and collect improvement information.</p>\r\n              </div>\r\n            </div>\r\n          </li>\r\n          <li class=\"wow slideInRight\" data-wow-delay=\"0.8s\" style=\"visibility: visible; animation-delay: 0.8s; animation-name: slideInRight;\">\r\n           <div class=\"cover-our\">\r\n             <div class=\"content-img\">\r\n               <img src=\"dist/images/our8.png\" alt=\"step1\">\r\n             </div>\r\n             <div class=\"content-text\">\r\n               <h4 class=\"title\">\r\n                 <span>8.</span> Maintenance\r\n               </h4>\r\n               <p>We help support you and pride ourselves in being able to fix issues quickly and provide speedy turnaround on changes. We offer maintenance packages at reduced rates, based on how often you anticipate making changes or additions . We provide technical supporting and product patching for the deployed product</p>\r\n             </div>\r\n           </div>\r\n          </li>\r\n        </ul>', NULL, NULL, 3, 1),
(18, 'Services', 'services', 0, NULL, '<p>Whether you&rsquo;re looking for professional custom software development, web development, mobile app development, or software testing services you&rsquo;ve found the right company.</p>\r\n\r\n<p>We always believe in essentiality of prompt service as key essence to the success, important for both that is for our customers and in turn for us with more business pouring in as a result of references. MP Software has a very highly skilled technological group of programmers. With each of our resources, we identify the key strengths and each resource has a defined technical expertise to cater to the customers need. We follow a systematic process to accommodate the customers&#39; requirements in the most efficient manner.</p>\r\n\r\n<p>The factors that make us favorable among the other offshore software development centers are: highly skilled manpower, infrastructure support, commitment, quality and cost effectiveness are a few ones to be listed. More than just these words here, our work and incessant communication will justify our claim.</p>\r\n\r\n<p>We are well equipped with resource set that takes care of the following areas of the services. These areas of services do not necessarily limit us to focus only in these areas, but we are also ready with our local contacts and group for further more new challenges and technologies.</p>', '<div class=\"service-item col-sm-6 col-md-4 wow slideInLeft\" data-wow-delay=\"0\" style=\"visibility: visible; animation-name: slideInLeft;\">\r\n          <div class=\"service-content\">\r\n            <div class=\"content-left\">\r\n              <div class=\"icon-service\"><img src=\"dist/images/i-service1.jpg\" alt=\"\"></div>\r\n            </div>\r\n            <div class=\"content-right\">\r\n              <div class=\"service-text\">\r\n                <h2 class=\"servive-title\">\r\n                  <a href=\"#\">\r\n                    Testing and QA\r\n                  </a>\r\n                </h2>\r\n                <ul class=\"list-normal\">\r\n                  <li>GUI testing</li>\r\n                  <li>Functional testing</li>\r\n                  <li>Performance testing</li>\r\n                  <li>Security testing</li>\r\n                  <li>Regression testing</li>\r\n                  <li>Localization</li>\r\n                </ul>\r\n              </div>\r\n            </div>\r\n          </div>\r\n        </div>\r\n\r\n        <div class=\"service-item col-sm-6 col-md-4 wow slideInUp\" data-wow-delay=\"0\" style=\"visibility: visible; animation-name: slideInUp;\">\r\n          <div class=\"service-content\">\r\n            <div class=\"content-left\">\r\n              <div class=\"icon-service\"><img src=\"dist/images/i-service2.jpg\" alt=\"\"></div>\r\n            </div>\r\n            <div class=\"content-right\">\r\n              <div class=\"service-text\">\r\n                <h2 class=\"servive-title\">\r\n                  <a href=\"#\">\r\n                    Mobility\r\n                  </a>\r\n                </h2>\r\n                <ul class=\"list-normal\">\r\n                  <li>Mobile Application Development</li>\r\n                  <li>Social APIs Integration</li>\r\n                  <li>Mobile Advertising</li>\r\n                </ul>\r\n              </div>\r\n            </div>\r\n          </div>\r\n        </div>\r\n\r\n        <div class=\"service-item col-sm-6 col-md-4 wow slideInRight\" data-wow-delay=\"0\" style=\"visibility: visible; animation-name: slideInRight;\">\r\n          <div class=\"service-content\">\r\n            <div class=\"content-left\">\r\n              <div class=\"icon-service\"><img src=\"dist/images/i-service3.jpg\" alt=\"\"></div>\r\n            </div>\r\n            <div class=\"content-right\">\r\n              <div class=\"service-text\">\r\n                <h2 class=\"servive-title\">\r\n                  <a href=\"#\">\r\n                    Application Development\r\n                  </a>\r\n                </h2>\r\n                <ul class=\"list-normal\">\r\n                  <li>Application Migration</li>\r\n                  <li>Application Maintenance</li>\r\n                  <li>Application Integration</li>\r\n                  <li>Migrate from legacy app to cloud</li>\r\n                </ul>\r\n              </div>\r\n            </div>\r\n          </div>\r\n        </div>\r\n        <div class=\"service-item col-sm-6 col-md-4 wow slideInLeft\" data-wow-delay=\"0\" style=\"visibility: visible; animation-name: slideInLeft;\">\r\n          <div class=\"service-content\">\r\n            <div class=\"content-left\">\r\n              <div class=\"icon-service\"><img src=\"dist/images/i-service4.jpg\" alt=\"\"></div>\r\n            </div>\r\n            <div class=\"content-right\">\r\n              <div class=\"service-text\">\r\n                <h2 class=\"servive-title\">\r\n                  <a href=\"#\">\r\n                    Web Solutions\r\n                  </a>\r\n                </h2>\r\n                <ul class=\"list-normal\">\r\n                  <li>Web Development</li>\r\n                  <li>Web App Development</li>\r\n                  <li>Web Testing and Maintenance</li>\r\n                  <li>Web Diagnosis/ Operation</li>\r\n                  <li>CMS</li>\r\n                </ul>\r\n              </div>\r\n            </div>\r\n          </div>\r\n        </div>\r\n\r\n        <div class=\"service-item col-sm-6 col-md-4 wow slideInUp\" data-wow-delay=\"0\" style=\"visibility: visible; animation-name: slideInUp;\">\r\n          <div class=\"service-content\">\r\n            <div class=\"content-left\">\r\n              <div class=\"icon-service\"><img src=\"dist/images/i-service5.jpg\" alt=\"\"></div>\r\n            </div>\r\n            <div class=\"content-right\">\r\n              <div class=\"service-text\">\r\n                <h2 class=\"servive-title\">\r\n                  <a href=\"#\">\r\n                    Design\r\n                  </a>\r\n                </h2>\r\n                <ul class=\"list-normal\">\r\n                  <li>UX/UI Design</li>\r\n                  <li>Frontend Development</li>\r\n                  <li>Graphics Design</li>\r\n                </ul>\r\n              </div>\r\n            </div>\r\n          </div>\r\n        </div>\r\n\r\n        <div class=\"service-item col-sm-6 col-md-4 wow slideInRight\" data-wow-delay=\"0\" style=\"visibility: visible; animation-name: slideInRight;\">\r\n          <div class=\"service-content\">\r\n            <div class=\"content-left\">\r\n              <div class=\"icon-service\"><img src=\"dist/images/i-service6.jpg\" alt=\"\"></div>\r\n            </div>\r\n            <div class=\"content-right\">\r\n              <div class=\"service-text\">\r\n                <h2 class=\"servive-title\">\r\n                  <a href=\"#\">\r\n                    Enterprise Solution\r\n                  </a>\r\n                </h2>\r\n                <ul class=\"list-normal\">\r\n                  <li>SAP Business One</li>\r\n                  <li>ERP/ CRM</li>\r\n                  <li>DMS/ SCM</li>\r\n                  <li>Reporting/ Analytics</li>\r\n                </ul>\r\n              </div>\r\n            </div>\r\n          </div>\r\n        </div>', '[\"services.jpg\"]', 2, 1),
(19, 'Design', 'design', 18, NULL, '<h3>1. UX/UI Design</h3>\r\n      <p>With the use of good UI/UX, it is possible to enhance the layout, functionality and design of a site to ensure it drives customer satisfaction.</p>\r\n      <p>\r\n        User interface design (UI) relates to the look, feel, presentation and interactivity of the product. User experience (UX) then optimizes the interactivity and flow by using evidence-based research to combine business and user needs to create the best possible experience.\r\n        As consumers, we have all come to expect products which are user friendly and appealing. This means taking UI/UX into consideration at the early stages of development is crucial. A customer visiting a website wants to feel like it is simple to navigate and like they instantly feel comfortable doing so. When this is not the case, it causes frustration and is likely to result in customers looking elsewhere.\r\n      </p>\r\n      <p>\r\n        With our team of UX Experts and our years of experience, we deliver the best UI and UX Design &amp; Development Services utilizing all relevant principles and processes.\r\n        We offer an array of User Interface &amp; User Experience Design &amp; Development Services as below:\r\n      </p>\r\n      <div class=\"content-right col-sm-12 col-md-6\">\r\n        <img src=\"/dist/images/img-left1.jpg\" alt=\"img left 1\">\r\n      </div>\r\n      <div class=\"content-left col-sm-12 col-md-6 pull-right\">\r\n        <h5><strong>Information Architecture Planning</strong></h5>\r\n        <p>Information Architecture Planning is about logically organizing information of a system, such that it is user-friendly, intuitive, and consistent. Our UX designers team architects the system such that it enables the users to easily and quickly find what they are looking for.</p>\r\n        <h5><strong>User Roadmap Design (Interaction Design)</strong></h5>\r\n        <p>An interaction is a communication between a user and your systems through the interface. Our UX design experts are well-versed in identifying such interactions and creating a roadmap of the system that is consistent with the information architecture, data flow, users’ expectations and your business goals.</p>\r\n        <h5><strong>Wireframe Designing</strong></h5>\r\n        <p>Once the information architecture and roadmap design are ready, the next step is to visualize how the system, app or a website would look like. This can be achieved using a prototype or a blueprint which is known as Wireframes. Our UX designers are experienced in designing the wireframes which help to ensure that the right information is presented in the right way and at the right place.</p>\r\n      </div>\r\n      <div class=\"clearfix\"></div>\r\n      <div class=\"content-right col-sm-12 col-md-6 pull-right\">\r\n        <img src=\"/dist/images/img-right13.jpg\" alt=\"img right 11\">\r\n      </div>\r\n      <div class=\"content-left col-sm-12 col-md-6\">\r\n        <h3>2. Graphics Design</h3>\r\n        <p>Look-n-feel of a system is an equally important aspect, along with the well-organized information architect and roadmap design. Graphics emphasize on the aesthetics of a system which includes color and contrast, styles, fonts, images, navigation, animation, and many other design elements. In terms of websites, it is a critical element to attract as well as retain the visitors and increases conversion. </p>\r\n        <p>Our UX designers create alluring graphics as per customers’ requirements and branding.</p>\r\n      </div>\r\n      <div class=\"clearfix\"></div>\r\n      <div class=\"content-right col-sm-12 col-md-6\">\r\n        <img src=\"/dist/images/img-right9.jpg\" alt=\"img right 9\">\r\n      </div>\r\n      <div class=\"content-left col-sm-12 col-md-6 pull-right\">\r\n        <h3>3. Frontend Development</h3>\r\n        <p>Frontend development is the process of converting the design into a working system. Our frontend developers are expert in coding technologies like HTML, JavaScript, CSS, PHP, and industry standards. With our years of experience, we ensure that the system works exactly as per the information architect and roadmaps.</p>\r\n      </div>', NULL, NULL, 5, 1),
(21, 'Testing and QA services', 'testing-and-qa-services', 18, NULL, '<div class=\"content-left col-sm-12 col-md-6\">\r\n            <h3>A quality app is often the one tested strictly</h3>\r\n            <p>A good testing and QA services ensures to minimize the cost, mitigate risk, augment user experience levels by offering a creative solutions to improve product life cycle.</p>\r\n            <p>\r\n              MP Software is a CMMI Level 3 certified software development company, thus we undertake QA Testing Services as an integral part of our every project. We follow industry standard software testing methodologies to help our clients in meeting their quality assurance goals, provides software testing as a stand-alone service, as well as a part of the software development cycle. We ascertain quality performance of software using a wide variety of recognized testing tools.\r\n            </p>\r\n            <p>\r\n              The team of QA engineers brings the expertise and proven practices into your projects. You achieve more test coverage without having in-house testing team.\r\n            </p>\r\n          </div>\r\n          <div class=\"content-right col-sm-12 col-md-6\">\r\n            <img src=\"/dist/images/trial.jpg\" alt=\"Test\">\r\n          </div>\r\n          <div class=\"clearfix\"></div>\r\n          <p>We can create overall testing applications for automated and load tests, so you can track the quality over the entire development process. MP Software has completed a series of projects for financial, banking and telecommunication companies, developing testing scripts according to customers’ projects.</p>\r\n          <p>Knowing well what the cost of bugs is, at each stage of the development life-cycle, we pay much attention to testing. When releasing software, we guarantee quality</p>\r\n          <div class=\"testing-box\">\r\n            <img src=\"/dist/images/flower-testing.jpg\" alt=\"flower testing\">\r\n          </div>\r\n          <div class=\"testing-list\">\r\n            <h3>Testing and QA services include:</h3>\r\n            <ol>\r\n              <li>GUI testing</li>\r\n              <li>Functional testing</li>\r\n              <li>Performance testing</li>\r\n              <li>Security testing</li>\r\n              <li>Regression testing</li>\r\n              <li>Localization testing</li>\r\n            </ol>\r\n          </div>\r\n          <div class=\"testing-list\">\r\n            <h3>Key benefits:</h3>\r\n            <ul>\r\n              <li>Security against software failure and unexpected defects</li>\r\n              <li>Professional and objective quality assessment</li>\r\n              <li>Customized and transparent testing process</li>\r\n              <li>Excellent dealing with complex projects </li>\r\n              <li>smooth collaboration with your staff</li>\r\n            </ul>\r\n          </div>', NULL, NULL, 1, 1),
(22, 'Mobility', 'mobility', 18, NULL, '<div class=\"content-left col-sm-12 col-md-6\">\r\n        <h3>\r\n          Make your idea of an Android, iPhone, iPad or Windows phone application into a success\r\n        </h3>\r\n        <p>\r\n          The technology driven market today demands agility, flexibility, mobility and access to information anytime, anywhere, through any device. With Mobility Services by MP Software, organizations can be customer-centric and efficient by providing access to information on various mobile platforms, devices and applications. <br>\r\n          Mobility has helped the companies to make contextual data more available to customers. <br>\r\n          Mobile technologies have set free innovative solutions that are of tremendous help in the way businesses are done today If you want to take the world in your stride and make your business flourish, then enterprise mobility solution is the answer to all your needs. MP Software understands your business needs and provides enterprise mobility solution at much affordable rate. <br>\r\n          Here is how MP Software delivers enterprise mobility solution tailored to suit the clients business needs:\r\n        </p>\r\n      </div>\r\n      <div class=\"content-right col-sm-12 col-md-6 img-right\">\r\n        <img src=\"/dist/images/img-right5.jpg\" alt=\"img right\">\r\n      </div>\r\n      <div class=\"clearfix\"></div>\r\n      <div class=\"content-left col-sm-12 col-md-6 pull-right\">\r\n        <h3>\r\n          Mobile App Development\r\n        </h3>\r\n        <p>\r\n          Creative apps using the latest technology is our forte. To realize your ideas into applications, we have a multidisciplinary team lined up. From concept to app store promotion, we will lead you through the entire app lifecycle\r\n        </p>\r\n        <ul class=\"list-box\">\r\n          <li>B2B Mobile Apps Development</li>\r\n          <li>IOS App Development</li>\r\n          <li>Android App Development</li>\r\n          <li>App Distribution</li>\r\n        </ul>\r\n      </div>\r\n\r\n      <div class=\"content-right col-sm-12 col-md-6 img-right\">\r\n        <img src=\"/dist/images/img-right6.jpg\" alt=\"img right2\">\r\n      </div>\r\n      <div class=\"clearfix\"></div>\r\n      <p>We manage applications built using a wide variety of technologies. MP Software\'s expertise spans Microsoft Technologies, J2EE, Java, Oracle, SAP, as well as other platforms, databases, languages, software, and enterprise applications. Ultimately, we help provide a robust, simplified, scalable, and efficient IT landscape which aids in a seamless process flow and uninterrupted business transactions - making sure you stay ahead of your competition.</p>\r\n      <div class=\"content-left col-sm-12 col-md-6\">\r\n        <h3>\r\n          Social APIs integration\r\n        </h3>\r\n        <p>\r\n          Third Party API Integration Services is mainly used in the business websites or web applications that help in streamlining the business processes. With the helps this integration services, the organisation can have better customer services and at the same time assist in enhancing the enhancement of the online businesses. If you are want the integration services come to us, we, Nibble Software are here to provide you with affordable API integration solutions for e-Commerce website and other businesses.\r\n        </p>\r\n        <p>\r\n          We have a team of experienced API developers that can work on API Integration, CMS systems, Payment API Integration, Shipping APIs and others. The professionals can also work for Social Integration, Travel APIs and Google APIs. In addition to this, we also offer integration services of the Google Maps, Google Analytics, YouTube API and Google Checkout API.\r\n        </p>\r\n\r\n      </div>\r\n\r\n      <div class=\"content-right col-sm-12 col-md-6 img-right\">\r\n        <img src=\"/dist/images/img-right7.jpg\" alt=\"img right 3\">\r\n      </div>\r\n      <div class=\"clearfix\"></div>\r\n      <div class=\"content-left col-sm-12 col-md-6 pull-right\">\r\n        <h3>\r\n          Enterprise Mobility Services\r\n        </h3>\r\n        <p>\r\n          With many functions to cater to and challenges to address, enterprises have a lot to gain from mobility. We integrate cloud and mobile strategies to build solutions for process enablement, productivity enhancement, data security, ECM, BYOD, IoT, and more.\r\n        </p>\r\n        <ul class=\"list-box\">\r\n          <li><strong>Mobility Operations Center (MOC)</strong><br>To provide mobility solutions that are agile, flexible, accessible and available on a 24x7x365 basis, and deliver consistent and proactive support, CMS IT has a state-of-the-art center – the Mobility Operations Center (MOC), which has ITIL based service delivery in providing remote infrastructure management services.</li>\r\n          <li><strong>Mobility Collaboration Services </strong><br>To enable customers develop new collaboration initiatives, easily deploy emerging technologies, and manage infrastructure, CMS IT offers Mobility Collaboration Services that provide responsiveness and visibility.</li>\r\n        </ul>\r\n      </div>\r\n\r\n      <div class=\"content-right col-sm-12 col-md-6 img-right\">\r\n        <img src=\"/dist/images/img-right8.jpg\" alt=\"img right2\">\r\n      </div>', NULL, NULL, 2, 1),
(23, 'Web Solutions', 'web-solutions', 18, NULL, '<div class=\"container\">\r\n      \r\n      <div class=\"mpsw-services-default\">\r\n\r\n          <div>\r\n            <p>Your website is a reflection of your business. A professionally designed and developed website will take your business to new levels of growth and success.</p>\r\n            <p>\r\n              A good website design takes into account graphics, content, functionality, placement of elements and well-researched use of font/color that helps to grab attention of potential customers. The popularity and reputation of your website depends in part on its design. The focus of every online business is maximizing sales &amp; business by appropriately using the website, which entails accurate and detailed understanding of the business, clients, and the message being delivered.\r\n            </p>\r\n            <p>\r\n              MP Software offers web development and web design services which prove to be effective tools of marketing and ensure return on investment. Our web development services combine advanced web design technology with latest business concepts to make your website attractive and easy to understand &amp; use. Our web design and development services are based on the goals and objectives of the customer’s enterprise to reach existing and potential customers. Our objective is to provide your users with functional website design that grabs their attention and convert visitors into customers.\r\n            </p>\r\n            <p>\r\n              Contact us today and let’s talk about how we can help you make your online visibility a great success..\r\n            </p>\r\n          </div>\r\n          <div class=\"clearfix\"></div>\r\n          <div class=\"content-left col-sm-12 col-md-6\">\r\n            <h3>Web development</h3>\r\n            <p>\r\n              Our team of creative website developers, designers, testers and quality engineers help businesses to operate their day-to-day activities actively.\r\n            </p>\r\n            <p>\r\n              We serve superb web design &amp; development services with great ease and meticulousness. MP Software has an excellent team of web development professionals who are highly experts in analyzing, strategizing, developing and deploying the need of complex website development projects.\r\n            </p>\r\n            <p>\r\n              The prime objective of the organization is to render the world-class solutions of information technology with full care and dedication.\r\n            </p>\r\n          </div>\r\n          <div class=\"content-right col-sm-12 col-md-6\">\r\n            <img src=\"/dist/images/img-right9.jpg\" alt=\"img right 9\">\r\n          </div>\r\n          <div class=\"clearfix\"></div>\r\n      </div>\r\n    </div>\r\n    <div class=\"mpsw-list-solution\">\r\n      <div class=\"container\">\r\n        <h3 class=\"text-center\">OUR WEBSITE DEVELOPMENT SERVICES</h3>\r\n        <p class=\"text-center\">We follow next-generation approach to surpass clients\' expectations and serve the every complex need effectively. We at MP Software, deal with custom website development needs and provide exemplary results on diverse domains including:</p>\r\n        <div class=\"col-sm-12 col-md-6\">\r\n          <ul class=\"icon-box text-right\">\r\n            <li>\r\n              <div class=\"content-text\">\r\n                <h3>\r\n                  eCommerce\r\n                </h3>\r\n                <p>\r\n                  We build efficacious and feature-rich eCommerce store for selling online products or services.\r\n                </p>\r\n              </div>\r\n              <div class=\"content-icon\">\r\n                <img src=\"/dist/images/iconbox1.png\" alt=\"\">\r\n              </div>\r\n            </li>\r\n            <li>\r\n              <div class=\"content-text\">\r\n                <h3>\r\n                  ASP.net\r\n                </h3>\r\n                <p>\r\n                  Our profound knowledge of ASP.NET enables us to deliver top-notch web solutions.\r\n                </p>\r\n              </div>\r\n              <div class=\"content-icon\">\r\n                <img src=\"/dist/images/iconbox2.png\" alt=\"\">\r\n              </div>\r\n            </li>\r\n            <li>\r\n              <div class=\"content-text\">\r\n                <h3>\r\n                  CakePHP\r\n                </h3>\r\n                <p>\r\n                  Our developers integrate world-class themes, templates, and plug-ins CakePHP site.\r\n                </p>\r\n              </div>\r\n              <div class=\"content-icon\">\r\n                <img src=\"/dist/images/iconbox3.png\" alt=\"\">\r\n              </div>\r\n            </li>\r\n            <li>\r\n              <div class=\"content-text\">\r\n                <h3>\r\n                  PHP\r\n                </h3>\r\n                <p>\r\n                  We have super skilled PHP developers for developing the rewarding websites.\r\n                </p>\r\n              </div>\r\n              <div class=\"content-icon\">\r\n                <img src=\"/dist/images/iconbox4.png\" alt=\"\">\r\n              </div>\r\n            </li>\r\n          </ul>\r\n        </div>\r\n        <div class=\"col-sm-12 col-md-6\">\r\n          <ul class=\"icon-box text-left\">\r\n            <li>\r\n              <div class=\"content-icon\">\r\n                <img src=\"/dist/images/iconbox5.png\" alt=\"\">\r\n              </div>\r\n              <div class=\"content-text\">\r\n                <h3>\r\n                  Sharepoint\r\n                </h3>\r\n                <p>\r\n                  We develop a solid content management system, and intranet portals using SharePoint platform.\r\n                </p>\r\n              </div>\r\n            </li>\r\n            <li>\r\n              <div class=\"content-icon\">\r\n                <img src=\"/dist/images/iconbox6.png\" alt=\"\">\r\n              </div>\r\n              <div class=\"content-text\">\r\n                <h3>\r\n                  Wordpress\r\n                </h3>\r\n                <p>\r\n                  We provide custom made WordPress development services. It helps our clients effectively manage their sites.\r\n                </p>\r\n              </div>\r\n            </li>\r\n            <li>\r\n              <div class=\"content-icon\">\r\n                <img src=\"/dist/images/iconbox7.png\" alt=\"\">\r\n              </div>\r\n              <div class=\"content-text\">\r\n                <h3>\r\n                  Drupal\r\n                </h3>\r\n                <p>\r\n                  Our Drupal experts design highly secure, scalable, and modular solution to glorify your business ideas.\r\n                </p>\r\n              </div>\r\n            </li>\r\n            <li>\r\n              <div class=\"content-icon\">\r\n                <img src=\"/dist/images/iconbox8.png\" alt=\"\">\r\n              </div>\r\n              <div class=\"content-text\">\r\n                <h3>\r\n                  Joomla\r\n                </h3>\r\n                <p>\r\n                  We build compelling websites and business-driven applications using the exclusive features of Joomla platform.\r\n                </p>\r\n              </div>\r\n            </li>\r\n          </ul>\r\n        </div>\r\n        <p class=\"text-center txt-justify\">Our well-qualified team provides you the most proficient business-centric services within your budget. We have successfully accomplished various projects on different website development platforms like PHP, WordPress, ASP.NET, SharePoint, Drupal, Joomla, CakePHP etc., with utmost client satisfaction and a lot of appreciation. To be counted as a top company in custom website development in India, we have delivered innumerable projects across the sphere and earned a huge clientele for our unique designs, eye-catching themes, and visually appealing layouts. We understand \'No two businesses are the same\', and that\'s why our experts develop and deploy only unique solutions to all our global clients and ensure competitive business benefits for them.</p>\r\n      </div>\r\n    </div>\r\n    <div class=\"mpsw-services-default m-t-40 m-b-100\">\r\n      <div class=\"container\">\r\n        <h3>Web Testing and maintenance</h3>\r\n        <p>It is important that your website is up to date to avoid vulnerability to hacking and virus. However, computer maintenance is costly and time-consuming. Let us do all your website and updates and reduce the cost and hassle of maintaining your website. We deliver a regular and meticulous service for affordable price </p>\r\n        <h4><i>Maintenance</i></h4>\r\n        <p>\r\n          A team of professionals help you continually upgrade and enhance your existing software. Caring about our products and implementing new features, we improve quality and increase software utilization. No matter you need just an expert opinion, minor maintenance or an integral review, you can completely rely on us. We monitor the application performance, ensuring the smooth operation of the whole system.\r\n        </p>\r\n        <h4><i>Support</i></h4>\r\n        <p>\r\n          In response to your needs, MP Software may undertake to support your system and keep it going properly. Our engineers determine your specific issues and find the best method or tool to fix it in time. Providing proficient support and assistance with problems, we enable your personnel to focus on their core activities. We are always ready to give a helping hand to our clients, offering the highest quality.\r\n        </p>\r\n        <div class=\"clearfix\"></div>\r\n        <div class=\"content-left col-sm-12 col-md-6 pull-right\">\r\n          <h3>CMS</h3>\r\n          <p>\r\n            We will provide you with a Content Management System that is customized to suit your business needs..\r\n          </p>\r\n          <p>\r\n            Think success on the web, think loads of content. Think loads of content; you just cannot do without a  super smart content management system. The web space is highly dynamic and when you have hundreds of pages going online on a daily basis, it is absolutely impossible to have webmasters manually updating and uploading content. Content management system (CMS) emerged as a perfect solution for smarter website management.\r\n          </p>\r\n          <p>\r\n            MP Software also provides you with a Content Management System (CMS) and Data Analysis  that lets you have total control and power over your website, micro site, intranet or extranet, and makes it possible for you to easily keep up to date and react swiftly to the tough challenges in your marketplace. Websites are now considered ‘living and breathing’ marketing tools that are essential for any organization. The finest websites are continuously growing and evolving.\r\n          </p>\r\n        </div>\r\n        <div class=\"content-right col-sm-12 col-md-6\">\r\n          <img src=\"/dist/images/img-right10.jpg\" alt=\"img right 9\">\r\n        </div>\r\n\r\n        <div class=\"clearfix\"></div>\r\n        <p>At  MP Software, we give our clients absolute control over their websites by letting them manage and create their content, making certain those who know the business best, should constantly update them.</p>\r\n        <p>At MP Software, we will make you experience the prospects of dynamic web publishing. Our highly developed and advanced software solutions are very much flexible, making them appropriate for all types of organization. By making good use of our exclusive products and services, our clients can easily create attractive and content-rich websites without the need for any training or special programming degree. Moreover, our solutions are fully incorporated and dynamic, allowing our clients to control and manage their web assets efficiently.</p>\r\n      </div>\r\n    </div>', NULL, NULL, 4, 1),
(24, 'Application Development', 'application-development', 18, NULL, '<h3>Custom Application Development Services at MP Software</h3>\r\n      <p>\r\n        At MP Software, we develop custom software applications as per our clients\' requirements to serve with strategic benefits. As a custom Software Application Development Company, we elucidate their views and draft a blueprint accordingly for the software development. At every stage of SDLC (Software Development Life Cycle) i.e. requirement gathering, strategizing, creating a model, implementation, and deployment, we maintain constant communication with the client so that nothing goes unnoticed and if any risks are identified it can be dealt immediately. We have a dynamic team of talented software developers who are experienced in developing robust and eff¬¬icient systems.\r\n      </p>\r\n      <p>\r\n        Gain competitive advantages with MP Soft\'s custom application development services to have business applications addressing unique requirements.\r\n      </p>\r\n      <p>We offer Custom Software Application Development and Maintenance services that fit all business verticals:</p>\r\n      <div class=\"content-left col-sm-12 col-md-6\">\r\n        <h3>\r\n          Application modernization and Migration\r\n        </h3>\r\n        <p>\r\n          Our application modernization and migration service helps in upgrading and developing a legacy system <br>\r\n          Applications help an organization add value to the business by increasing efficiency and help concentrate on its core business. Applications have been around for a long time now, and a lot of them have become obsolete. However, most companies are doing the maximum amount of business transactions using these legacy applications. <br>\r\n          As a CIO/CTO, you must be under immense pressure to provide maximum output with what you have. It might be difficult to run the business, keeping the cost low while supporting innovation with the existing application software. You are bound to add more resources in managing these legacy applications. New trends in technology adopted by your competitors only add to the overall pressure. <br>\r\n          With MP Software’s Application Modernization services, a thorough analysis of your applications is done to the most basic level. Through our analysis, our experts will provide you with a detailed report about your applications - including our recommendations detailing which application to renew, re-code, retire, replace, re-platform, re-engineer, and re-architect. With this, you can reduce your costs and free up resources.\r\n        </p>\r\n        <p><strong>We make sure, through our process, you have:</strong></p>\r\n        <div>\r\n          <ul class=\"list-box\">\r\n            <li>Applications adding more value to your business</li>\r\n            <li>Manageable application portfolio</li>\r\n            <li>Reduced costs</li>\r\n          </ul>\r\n        </div>\r\n      </div>\r\n      <div class=\"content-right col-sm-12 col-md-6 img-right\">\r\n        <img src=\"/dist/images/img-right.jpg\" alt=\"img right\">\r\n      </div>\r\n      <div class=\"clearfix\"></div>\r\n      <div class=\"content-left col-sm-12 col-md-6 pull-right\">\r\n        <h3>\r\n          Application Maintenance\r\n        </h3>\r\n        <p>\r\n          Our experts manage critical applications and maximize growth opportunities and support service for a long time <br>\r\n          Contrary to being an overhead cost, application management can turn out to be an advantage to your business. This will only happen with the right strategy and an innovative process.\r\n        </p>\r\n        <p>\r\n          After spending a huge amount on developing custom applications, facing a downtime is the last thing your business needs. Moreover, about 15 to 20 percent of the cost of developing an application goes into maintaining the application software. It is, thus, eminent for enterprises to opt for the most cost-effective solution to support their applications.\r\n          We, at MP Software, understand your needs and assist you with our Application Support and Maintenance (ASM) services. We provide constant maintenance and support while reducing cost through our onsite-offshore model. You get access to new functionalities and enhancements in your existing applications.</p>\r\n        <p>Apart from providing some of the most sophisticated, business aligned and innovative software to our customers, we are equipped with the necessary experience and expertise to provide 24/7 support. Through our regular patches and systematic monitoring, you will never have to worry about application downtime.</p>\r\n\r\n      </div>\r\n\r\n      <div class=\"content-right col-sm-12 col-md-6 img-right\">\r\n        <img src=\"/dist/images/img-right2.jpg\" alt=\"img right2\">\r\n      </div>\r\n      <div class=\"clearfix\"></div>\r\n      <p>We manage applications built using a wide variety of technologies. MP Software\'s expertise spans Microsoft Technologies, J2EE, Java, Oracle, SAP, as well as other platforms, databases, languages, software, and enterprise applications. Ultimately, we help provide a robust, simplified, scalable, and efficient IT landscape which aids in a seamless process flow and uninterrupted business transactions - making sure you stay ahead of your competition.</p>\r\n      <div class=\"content-left col-sm-12 col-md-6\">\r\n        <h3>\r\n          Application integration\r\n        </h3>\r\n        <p>\r\n          We streamline existing application architecture by embracing emerging technologies and deliver faster and cost effective enterprise solutions development services. <br>\r\n          Over time, large companies have increased in intricacy, often resulting in rigid and fragile systems. To further complicate the situation, legacy applications make system interconnectivity across your business problematic. To preserve business agility in a world of mobile, API, and SaaS, and with data residing in multiple systems (e.g. legacy, new, cloud, etc.), enterprise integration is critical. Enterprise integration increases efficiency and enables better decision making by offering precise information at the right time. <br>\r\n          Eliminating complex point-to-point integration allows businesses to stay in touch, and be innovative and competitive. Moreover, enterprise integration gives you the power to make better decisions. Having real-time, up-to-date information will grant you access to make well-informed and insightful decisions about your business. All you need is impeccable data from all your systems, services, and applications, that is available around the clock.\r\n        </p>\r\n\r\n      </div>\r\n\r\n      <div class=\"content-right col-sm-12 col-md-6 img-right\">\r\n        <img src=\"/dist/images/img-right3.jpg\" alt=\"img right 3\">\r\n      </div>\r\n      <div class=\"clearfix\"></div>\r\n      <div class=\"content-left col-sm-12 col-md-6 pull-right\">\r\n        <h3>\r\n          Cloud Application Development\r\n        </h3>\r\n        <p>\r\n          We carefully develop and deploy applications following security, capacity and integration with on-premise as well as cloud application development\r\n        </p>\r\n        <p>\r\n          The above mentioned are some of the services offered by MP Software. We begin with planning and end with the deployment of the solutions and as per clients requirements. Our customized Software Application Development &amp; Maintenance Services perfectly fit every business\r\n        </p>\r\n      </div>\r\n\r\n      <div class=\"content-right col-sm-12 col-md-6 img-right\">\r\n        <img src=\"/dist/images/img-right4.jpg\" alt=\"img right2\">\r\n      </div>', NULL, NULL, 3, 1);
INSERT INTO `tbl_menus` (`id`, `name`, `slug`, `parent_id`, `description`, `content`, `content2`, `images`, `sort`, `status`) VALUES
(25, 'Enterprise Solution', 'enterprise-solution', 18, NULL, '<h3>SAP Business One</h3>\r\n      <div class=\"content-left col-sm-12 col-md-6 pull-right\">\r\n        <ul class=\"list-solution\">\r\n          <li>\r\n            <strong>Accounting and Financial Management</strong>\r\n            Streamline and automate financial management with business software that integrates accounting, sales, and purchasing data. Get ready to improve margins, reduce errors, and drive more profitable decision making\r\n          </li>\r\n          <li>\r\n            <strong>Reporting and Analytics</strong>\r\n            Empower employees to get answers to their most pressing questions in real time – with quick and easy access to intuitive business intelligence (BI), analytics, and reporting.<br>\r\n            AP Business One version for SAP HANA puts as-it-happens business insights into decision makers’ hands, to help them define and focus on the right priorities. With a single platform for analytics and transactions, you can solve the seemingly unsolvable with real-time simulation and planning, and measurably boost the performance of all your key business processes.\r\n          </li>\r\n        </ul>\r\n      </div>\r\n      <div class=\"content-right col-sm-12 col-md-6\">\r\n        <img src=\"/dist/images/img-right11.jpg\" alt=\"img right 11\">\r\n      </div>\r\n      <div class=\"clearfix\"></div>\r\n      <h3>ERP/ CRM</h3>\r\n      <div class=\"content-left col-sm-12 col-md-6\">\r\n        <ul class=\"list-solution\">\r\n          <li>\r\n            <strong>Customer Relationship Management (CRM)</strong>\r\n            Convert more prospects, keep customers satisfied, and maximize revenue. Our integrated CRM tools support all of your sales, service, and marketing activities – from managing campaigns to tracking leads to administering after sales support\r\n          </li>\r\n          <li>\r\n            <strong>Our ERP Services Methodology</strong>\r\n            Our team has developed a unique services methodology that fosters a deep understanding of our customers’ businesses and industries in order to act as a trusted business advisor. At MP Software, each project is guided by an agile deployment methodology that utilizes iterative, time-boxed implementation techniques to rapidly deliver custom solutions to our customers. Our approach ensures that value is achieved early and often throughout the lifecycle of each customer’s MP Software ERP implementation.\r\n          </li>\r\n        </ul>\r\n      </div>\r\n      <div class=\"content-right col-sm-12 col-md-6\">\r\n        <img src=\"/dist/images/img-right12.jpg\" alt=\"img right 11\">\r\n      </div>\r\n      <div class=\"clearfix\"></div>\r\n      <p class=\"padding-left30\">As an organization that supports both cloud and on-premise solution deployments, we recognize that some services are best delivered remotely by a highly skilled team, while others are more effectively delivered by local consultants working directly with customers. The services methodology also pulls the right mix of resources from a global team of experts, keeping costs down while still meeting each customer’s unique project requirements.</p>\r\n      <p class=\"padding-left30\">MP Software provides services that span the entire lifecycle of an ERP system, starting with new system implementation consulting. After the system go-live, the consulting team works closely with our customers to provide ongoing system alignment services, from check-up and calibration services to bespoke customizations development. The team also offers services to extend any ERP implementation, from third-party system integrations to mobile application development. When it’s time to upgrade or refresh the system, the services team provides a range of services, from assessing your technical readiness, to assisting your team with change and project management. Similarly, the team is available to facilitate system rollouts to companies in new locations, or provide customized system training and education to both new and existing users.</p>\r\n      <p class=\"padding-left30\">MP Software ERP consulting services cover a broad spectrum of project types because no two businesses are alike. When you combine our consultants’ product, industry and process expertise with your vision, you get personalized solution delivery, sprint after sprint.</p>\r\n    </div>', NULL, NULL, 6, 1),
(26, 'Clients', 'clients', 0, '<p>Technology is constantly evolving and is powering a world where from businesses to consumers, everyone is connected to everyone, everywhere all the time.</p>', NULL, NULL, '[\"doji.png\",\"jesstar.png\",\"k+.png\",\"mobiphone.png\",\"msi.png\",\"sharp.png\",\"sony.png\",\"ssi.png\",\"topica.png\",\"toto.png\",\"trananh.png\",\"tvsi.png\",\"vietnammobile.png\",\"viettel.png\",\"vinaphone.png\",\"visa.png\",\"vpbank.png\",\"vtvcab.png\"]', 4, 1),
(27, 'Case studies', 'case-studies', 0, '<p class=\"txt-center txt-case\">Projects are finished on time, within budget, and most importantly with the expected value.</p>', NULL, NULL, NULL, 3, 1),
(28, 'CRM', 'crm', 27, '<p>With the increase in the number of customers in the Contact Center, the problem is the need for software that meets the requirements</p>', '<h3>Requirement</h3>\r\n\r\n<p>With the increase in the number of customers in the Contact Center, the problem is the need for software that meets the requirements:</p>\r\n\r\n<ul>\r\n	<li>Customers information management</li>\r\n	<li>Cases management</li>\r\n	<li>Customer-care campaigns management</li>\r\n	<li>Monitoring/supervising the quality of service by employees</li>\r\n	<li>Knowledge management</li>\r\n	<li>Reports statistics</li>\r\n</ul>\r\n\r\n<h3>Our Skills &amp; Service</h3>\r\n\r\n<p>Possessing a strong expertise in Contact Center, our engineers are excellent in completing projects in short time and fulfill requirements for projects in short time.</p>\r\n\r\n<p>Main technologies<br />\r\nHTML/CSS/Bootstrap, ASP.Net, Java Script, Jquery, Ajax, Telerik, SQL Server, T-SQL</p>', NULL, '[\"crm.png\"]', 1, 1),
(29, 'Dream home', 'dream-home', 27, '<p>Proving a free application as an information exchanging channel between lessors and renters. Advertisement on application</p>', '<div class=\"requirement\">\r\n                    <h4>Requirement</h4>\r\n                    <p>Proving a free application as an information exchanging channel between lessors and renters.<br>Advertisement on application</p>\r\n                  </div>\r\n                  <div class=\"service-skill\">\r\n                    <h4>Technology</h4>\r\n                    <p>Server: PHP, My SQL<br>App: Swift, Android</p>\r\n                  </div>', NULL, '[\"829a24549fb9d0656aee0adce53e507c.png\"]', 2, 1),
(30, 'MPCC', 'mpcc', 27, '<p>Optimize costs, make use of existing infrastructure, however, ensure that businesses interact with customers via voice channels, SMS, Email and Chat.</p>', '<div class=\"col-md-6 col-sm-6\">\r\n                <div class=\"requirement\">\r\n                  <h4>Customer Needs</h4>\r\n                  <p>Optimize costs, make use of existing infrastructure, however, ensure that businesses interact with customers via voice channels, SMS, Email and Chat.</p>\r\n                </div>\r\n                <div class=\"service-skill\">\r\n                  <h4>Our Solutions &amp; Services</h4>\r\n                  <p>Upgrading MPCC (Cloud Call Center)integrated with Contact Center The system performs these main functions:</p>\r\n                  <ul class=\"list-requirement\">\r\n                    <li>Calls receiving, distributing, and monitoring</li>\r\n                    <li>SMS</li>\r\n                    <li>Chat</li>\r\n                    <li>Users, group-users managing and decentralizing.</li>\r\n                    <li>Reports and Statistics recording.</li>\r\n                  </ul>\r\n                  <p>Technology : HTML, CSS, AngularJS, Java, Socket IO, My SQL</p>\r\n                </div>\r\n              </div>\r\n              <div class=\"col-md-6 col-sm-6\">\r\n                <div class=\"box-img-mpcc\">\r\n                  <img src=\"/dist/images/mpcc.png\" width=\"90%\">\r\n                  <p class=\"txt-center\">Connect customers anytime, anywhere</p>\r\n                </div>\r\n              </div>\r\n            </div>', NULL, '[\"8c8710ca3176eb20e602c4e9e46942c4.jpg\"]', 3, 1),
(31, 'Procurement', 'procurement', 27, '<p>Providing bidding information on mobile devices. Information is extracted regularly from Server by Web Service.</p>', '<div class=\"requirement\">\r\n                  <h4>Customer Needs</h4>\r\n                  <p>Providing bidding information on mobile devices. Information is extracted regularly from Server by Web Service.<br>Application possesses high-performance on processing speed and independence.</p>\r\n                </div>\r\n                <div class=\"service-skill\">\r\n                  <h4>Our Solutions &amp; Services</h4>\r\n                  <p>Based on the demands, we developed a system of applications:</p>\r\n                  <ul class=\"list-requirement\">\r\n                    <li>Web App. for Operator.</li>\r\n                    <li>Android Mobile App.</li>\r\n                    <li>iOS Mobile App.</li>\r\n                    <li>Synchronization module</li>\r\n                  </ul>\r\n                  <p>Server technology : Java, Oracle<br>Mobile App developing technology : Swift, Android, SQLite</p>\r\n                </div>', NULL, '[\"procurement.png\"]', 6, 1),
(32, 'School link', 'school-link', 27, '<p>Providing a fast and convenient exchanging channel between School and Family. Allowing the direct interaction or contact group among Teachers and Parents.</p>', '<div class=\"requirement\">\r\n                  <h4>Customer Needs</h4>\r\n                  <p>Providing a fast and convenient exchanging channel between School and Family<br>\r\n                    Allowing the direct interaction or contact group among Teachers and Parents<br>\r\n                    Allow Parents to watch over their children’s studying at School.</p>\r\n\r\n                </div>\r\n                <div class=\"service-skill\">\r\n                  <h4>Our Skills &amp; Service </h4>\r\n                  <p>Based on the demands, we developed a system of applications</p>\r\n                  <ul class=\"list-requirement\">\r\n                    <li>Web application for Teachers</li>\r\n                    <li>Adroid Mobile App.</li>\r\n                    <li>iOS Mobile App.</li>\r\n                    <li>Chat App.</li>\r\n                  </ul>\r\n                  <p>Technology : HTML, CSS, Java Script, Jquery, Ajax, ASP.Net, Socket IO, NodeJS, Swift, Android, My SQL, SQLite</p>\r\n                </div>', NULL, '[\"schoollink.png\"]', 4, 1),
(33, 'SV Jobs', 'sv-jobs', 27, '<p>Providing a free application allowing students of searching for jobs that suit their required time and avenue. Advertisement on App.</p>', '<div class=\"requirement\">\r\n                  <h4>Requirement</h4>\r\n                  <p>Providing a free application allowing students of searching for jobs that suit their required time and avenue. <br>Advertisement on App.</p>\r\n                </div>\r\n                <div class=\"service-skill\">\r\n                  <h4>Technology</h4>\r\n                  <p>Server: PHP, My SQL<br>App: Swift, Android</p>\r\n                </div>', NULL, '[\"svjob.png\"]', 5, 1);

-- --------------------------------------------------------

--
-- Cấu trúc bảng cho bảng `users`
--

CREATE TABLE `users` (
  `id` int(10) UNSIGNED NOT NULL,
  `name` varchar(191) COLLATE utf8mb4_unicode_ci NOT NULL,
  `email` varchar(191) COLLATE utf8mb4_unicode_ci NOT NULL,
  `email_verified_at` timestamp NULL DEFAULT NULL,
  `password` varchar(191) COLLATE utf8mb4_unicode_ci NOT NULL,
  `remember_token` varchar(100) COLLATE utf8mb4_unicode_ci DEFAULT NULL,
  `created_at` timestamp NULL DEFAULT NULL,
  `updated_at` timestamp NULL DEFAULT NULL
) ENGINE=InnoDB DEFAULT CHARSET=utf8mb4 COLLATE=utf8mb4_unicode_ci;

--
-- Đang đổ dữ liệu cho bảng `users`
--

INSERT INTO `users` (`id`, `name`, `email`, `email_verified_at`, `password`, `remember_token`, `created_at`, `updated_at`) VALUES
(1, 'Badman', 'badman@gmail.com', NULL, '$2y$10$jner7A9ijl8NNXORL6smNe6da8ONSuAdT4zEv1l/Ow2Dd0wl1Mzdu', NULL, '2018-11-12 02:55:53', '2018-11-12 02:55:53'),
(2, 'lxquan', 'lxquanit@gmail.com', NULL, '$2y$10$RQafLIM/Ge5Lrttr2A5Atu/SJUyNCELtHHMabSImJZOrYUc/of62S', NULL, '2018-11-12 03:01:33', '2018-11-12 03:01:33');

--
-- Chỉ mục cho các bảng đã đổ
--

--
-- Chỉ mục cho bảng `categories`
--
ALTER TABLE `categories`
  ADD PRIMARY KEY (`id`);

--
-- Chỉ mục cho bảng `categories_object_news`
--
ALTER TABLE `categories_object_news`
  ADD PRIMARY KEY (`id`);

--
-- Chỉ mục cho bảng `contacts`
--
ALTER TABLE `contacts`
  ADD PRIMARY KEY (`id`);

--
-- Chỉ mục cho bảng `migrations`
--
ALTER TABLE `migrations`
  ADD PRIMARY KEY (`id`);

--
-- Chỉ mục cho bảng `news`
--
ALTER TABLE `news`
  ADD PRIMARY KEY (`id`);

--
-- Chỉ mục cho bảng `password_resets`
--
ALTER TABLE `password_resets`
  ADD KEY `password_resets_email_index` (`email`);

--
-- Chỉ mục cho bảng `tag`
--
ALTER TABLE `tag`
  ADD PRIMARY KEY (`id`);

--
-- Chỉ mục cho bảng `tags_object_news`
--
ALTER TABLE `tags_object_news`
  ADD PRIMARY KEY (`id`);

--
-- Chỉ mục cho bảng `tbl_home`
--
ALTER TABLE `tbl_home`
  ADD PRIMARY KEY (`id`);

--
-- Chỉ mục cho bảng `tbl_menus`
--
ALTER TABLE `tbl_menus`
  ADD PRIMARY KEY (`id`);

--
-- Chỉ mục cho bảng `users`
--
ALTER TABLE `users`
  ADD PRIMARY KEY (`id`),
  ADD UNIQUE KEY `users_email_unique` (`email`);

--
-- AUTO_INCREMENT cho các bảng đã đổ
--

--
-- AUTO_INCREMENT cho bảng `categories`
--
ALTER TABLE `categories`
  MODIFY `id` int(10) UNSIGNED NOT NULL AUTO_INCREMENT, AUTO_INCREMENT=23;

--
-- AUTO_INCREMENT cho bảng `categories_object_news`
--
ALTER TABLE `categories_object_news`
  MODIFY `id` int(10) UNSIGNED NOT NULL AUTO_INCREMENT, AUTO_INCREMENT=414;

--
-- AUTO_INCREMENT cho bảng `contacts`
--
ALTER TABLE `contacts`
  MODIFY `id` int(10) UNSIGNED NOT NULL AUTO_INCREMENT, AUTO_INCREMENT=3;

--
-- AUTO_INCREMENT cho bảng `migrations`
--
ALTER TABLE `migrations`
  MODIFY `id` int(10) UNSIGNED NOT NULL AUTO_INCREMENT, AUTO_INCREMENT=14;

--
-- AUTO_INCREMENT cho bảng `news`
--
ALTER TABLE `news`
  MODIFY `id` int(10) UNSIGNED NOT NULL AUTO_INCREMENT, AUTO_INCREMENT=85;

--
-- AUTO_INCREMENT cho bảng `tag`
--
ALTER TABLE `tag`
  MODIFY `id` int(10) UNSIGNED NOT NULL AUTO_INCREMENT, AUTO_INCREMENT=17;

--
-- AUTO_INCREMENT cho bảng `tags_object_news`
--
ALTER TABLE `tags_object_news`
  MODIFY `id` int(10) UNSIGNED NOT NULL AUTO_INCREMENT, AUTO_INCREMENT=258;

--
-- AUTO_INCREMENT cho bảng `tbl_home`
--
ALTER TABLE `tbl_home`
  MODIFY `id` int(11) NOT NULL AUTO_INCREMENT, AUTO_INCREMENT=7;

--
-- AUTO_INCREMENT cho bảng `tbl_menus`
--
ALTER TABLE `tbl_menus`
  MODIFY `id` int(11) NOT NULL AUTO_INCREMENT, AUTO_INCREMENT=34;

--
-- AUTO_INCREMENT cho bảng `users`
--
ALTER TABLE `users`
  MODIFY `id` int(10) UNSIGNED NOT NULL AUTO_INCREMENT, AUTO_INCREMENT=3;
COMMIT;

/*!40101 SET CHARACTER_SET_CLIENT=@OLD_CHARACTER_SET_CLIENT */;
/*!40101 SET CHARACTER_SET_RESULTS=@OLD_CHARACTER_SET_RESULTS */;
/*!40101 SET COLLATION_CONNECTION=@OLD_COLLATION_CONNECTION */;
